Date,Low,High,Close,Open,Volume,predicted_low,predicted_high,predicted_mean,signal1,signal2
2023-01-03,1320.55,1401.6,1390.1,1335.6,3034419.0,1295.8076232910155,1321.4537155151368,1307.3917026519775,0,0
2023-01-04,1361.1,1439.0,1417.55,1390.1,4013418.0,1351.1423706054686,1331.692027282715,1343.1533946990967,0,0
2023-01-05,1402.55,1465.95,1451.7,1417.55,2725728.0,1361.96181640625,1349.4628112792968,1356.5192375183105,0,0
2023-01-06,1450.4,1640.05,1550.9,1451.7,4031538.0,1406.0174682617187,1358.4944648742676,1384.2184238433838,0,0
2023-01-07,1518.05,1571.0,1553.5,1550.9,1509902.0,1443.8501708984375,1310.118441772461,1376.8725852966309,0,0
2023-01-08,1520.8,1607.75,1578.45,1553.5,2163926.0,1455.1646240234375,1362.2607009887695,1410.699275970459,0,0
2023-01-09,1540.1,1613.4,1566.5,1578.45,1986735.0,1464.2161865234373,1351.1448196411134,1411.5592765808105,0,0
2023-01-10,1502.7,1610.4,1513.15,1566.5,3183689.0,1424.6156005859373,1362.6994857788086,1397.2259330749512,0,0
2023-01-11,1511.15,1565.45,1552.25,1513.15,1716613.0,1385.0150146484373,1335.421697998047,1365.9792442321777,0,0
2023-01-12,1542.35,1676.35,1660.8,1552.25,2523151.0,1382.7521240234373,1376.594337463379,1387.765926361084,0,0
2023-01-13,1620.85,1681.5,1628.3,1660.8,2371437.0,1405.9467529296874,1419.5221160888673,1419.0126152038574,0,0
2023-01-14,1605.65,1665.05,1628.65,1628.3,2002642.0,1385.0150146484373,1417.4013229370119,1411.2726097106934,0,1
2023-01-15,1586.3,1649.75,1627.95,1628.65,2301533.0,1342.5858154296873,1429.029119873047,1393.4992637634277,0,1
2023-01-16,1532.0,1642.8,1557.05,1627.95,2819417.0,1383.8835693359374,1454.1129837036133,1429.6192893981934,0,1
2023-01-17,1517.65,1643.6,1613.1,1557.05,2852536.0,1321.0883544921874,1429.3216430664063,1386.0459251403809,0,1
2023-01-18,1576.5,1633.55,1602.9,1613.1,1980585.0,1381.6206787109375,1447.5312118530273,1423.3126182556152,0,1
2023-01-19,1552.5,1622.55,1599.4,1602.9,4875875.0,1340.3229248046873,1460.6947555541992,1411.5592765808105,0,1
2023-01-20,1556.45,1607.35,1573.2,1599.4,4375405.0,1371.4376708984373,1467.861573791504,1425.3192863464355,0,1
2023-01-21,1566.95,1663.05,1646.95,1573.2,3116701.0,1321.0883544921874,1470.9330673217773,1403.8192710876465,0,1
2023-01-22,1533.4,1650.05,1567.2,1646.95,3691504.0,1385.5807373046873,1498.0645935058594,1446.8193016052246,0,1
2023-01-23,1562.4,1605.8,1586.65,1567.2,2251506.0,1380.4892333984374,1458.500831604004,1425.89262008667,0,1
2023-01-24,1555.3,1649.5,1642.7,1586.65,3008215.0,1328.4427490234373,1473.931430053711,1405.5392723083496,0,1
2023-01-25,1628.4,1716.55,1645.45,1642.7,3351056.0,1380.4892333984374,1470.2748901367188,1430.1926231384277,0,1
2023-01-26,1626.65,1676.65,1665.0,1645.45,2087261.0,1329.0084716796873,1464.7169494628906,1404.9659385681152,0,1
2023-01-27,1647.05,1696.5,1666.15,1665.0,1850073.0,1365.2147216796873,1502.5987030029298,1438.7926292419434,0,1
2023-01-28,1611.0,1675.0,1630.7,1666.15,2437949.0,1326.7455810546874,1491.6290832519533,1415.8592796325684,0,1
2023-01-29,1605.25,1660.5,1614.75,1630.7,2532440.0,1299.0251708984374,1498.1377243041993,1405.5392723083496,0,1
2023-01-30,1613.8,1680.55,1672.2,1614.75,2706777.0,1267.3447021484374,1489.2888977050782,1383.4659233093262,0,1
2023-01-31,1631.4,1699.0,1651.65,1672.2,2580618.0,1318.2597412109374,1512.0325759887696,1420.1592826843262,0,1
2023-02-01,1525.0,1656.3,1545.55,1651.65,4953187.0,1267.9104248046874,1515.1772003173828,1396.0792655944824,0,1
2023-02-02,1492.6,1555.95,1515.0,1545.55,3083642.0,1269.0418701171873,1443.435887145996,1362.2525749206543,0,1
2023-02-03,1506.9,1545.75,1539.9,1515.0,1624751.0,1247.5444091796874,1438.3898620605469,1347.919231414795,0,1
2023-02-04,1492.8,1550.0,1517.3,1539.9,2569454.0,1248.6758544921875,1458.7933547973632,1358.5259056091309,0,1
2023-02-05,1464.75,1527.8,1505.45,1517.3,5179297.0,1244.7157958984374,1447.8968658447266,1352.2192344665527,0,1
2023-02-06,1489.45,1569.4,1557.45,1505.45,4490779.0,1275.8305419921874,1464.7900802612305,1371.9992485046387,0,1
2023-02-07,1543.55,1685.0,1676.8,1557.45,3331498.0,1305.8138427734373,1478.7580627441407,1394.6459312438965,0,1
2023-02-08,1634.1,1744.55,1638.3,1676.8,3872744.0,1391.2379638671873,1506.0358505249023,1449.9726371765137,0,1
2023-02-09,1631.85,1724.1,1695.8,1638.3,2487656.0,1372.0033935546874,1437.7316848754883,1406.9726066589355,0,1
2023-02-10,1680.05,1716.05,1693.2,1695.8,1372726.0,1396.8951904296873,1443.2896255493165,1421.0192832946777,0,1
2023-02-11,1666.1,1730.35,1681.3,1693.2,2208009.0,1388.4093505859373,1458.500831604004,1424.1726188659668,0,1
2023-02-12,1651.45,1719.95,1705.5,1681.3,2561028.0,1355.5974365234374,1466.6914810180665,1411.5592765808105,0,1
2023-02-13,1636.45,1717.9,1660.0,1705.5,2513405.0,1386.7121826171874,1509.546128845215,1447.6793022155762,0,1
2023-02-14,1597.05,1667.65,1644.7,1660.0,3149934.0,1355.0317138671874,1508.0103820800782,1433.3459587097168,0,1
2023-02-15,1629.6,1681.6,1651.25,1644.7,2847833.0,1334.0999755859373,1518.2486938476563,1429.045955657959,0,1
2023-02-16,1575.85,1665.3,1608.1,1651.25,2232367.0,1316.5625732421875,1523.111891937256,1422.7392845153809,0,1
2023-02-17,1557.6,1609.3,1596.2,1608.1,2016459.0,1313.7339599609375,1510.935614013672,1413.852611541748,0,1
2023-02-18,1588.9,1652.7,1642.55,1596.2,2474461.0,1334.6656982421873,1527.6825668334961,1434.7792930603027,0,1
2023-02-19,1608.8,1665.9,1633.25,1642.55,2858451.0,1377.6606201171874,1541.1386337280273,1459.4326438903809,0,1
2023-02-20,1595.5,1648.65,1605.6,1633.25,2466032.0,1361.8203857421875,1547.939797973633,1455.9926414489746,0,1
2023-02-21,1595.2,1672.2,1666.9,1605.6,3037922.0,1347.6773193359375,1534.337469482422,1442.2326316833496,0,1
2023-02-22,1617.9,1680.6,1647.65,1666.9,2996031.0,1377.0948974609373,1532.5091995239259,1457.1393089294434,0,1
2023-02-23,1525.25,1649.3,1571.9,1647.65,3885523.0,1380.4892333984374,1521.6127105712892,1452.5526390075684,0,1
2023-02-24,1548.55,1579.65,1569.15,1571.9,2180010.0,1390.1065185546875,1483.73095703125,1439.0792961120605,0,1
2023-02-25,1553.25,1591.55,1563.8,1569.15,3233900.0,1372.5691162109374,1490.6052520751953,1431.6259574890137,0,1
2023-02-26,1553.55,1584.65,1564.8,1563.8,3363380.0,1336.3628662109375,1475.9790924072265,1408.4059410095215,0,1
2023-02-27,1533.9,1583.5,1563.3,1564.8,5031714.0,1302.9852294921873,1483.73095703125,1392.9259300231934,0,1
2023-02-28,1521.5,1572.95,1531.5,1563.3,5144100.0,1313.7339599609375,1502.7083992004395,1407.832607269287,0,1
2023-03-01,1406.65,1545.55,1437.9,1531.5,4308591.0,1292.2364990234373,1481.2079444885255,1387.4792594909668,0,1
2023-03-02,1370.0,1439.9,1429.45,1437.9,5170419.0,1266.7789794921873,1406.7607917785645,1336.4525566101074,0,1
2023-03-03,1414.35,1491.2,1480.75,1429.45,4187256.0,1313.4510986328123,1427.7493309020997,1369.1325798034668,0,1
2023-03-04,1457.75,1609.75,1590.15,1480.75,4103163.0,1310.9053466796875,1429.2119468688966,1368.8459129333496,0,1
2023-03-05,1570.0,1718.95,1681.3,1590.15,3822260.0,1401.4209716796875,1441.0957015991212,1419.0126152038574,0,0
2023-03-06,1663.75,1787.35,1706.05,1681.3,4278449.0,1501.5538818359373,1455.3927726745605,1475.7726554870605,0,0
2023-03-07,1614.2,1724.0,1656.95,1706.05,2509040.0,1483.4507568359375,1422.3742172241211,1449.9726371765137,0,0
2023-03-08,1638.15,1698.45,1677.5,1656.95,2181463.0,1482.8850341796874,1399.4842773437501,1439.0792961120605,0,0
2023-03-09,1667.0,1804.95,1795.0,1677.5,2595171.0,1457.4275146484374,1425.4457107543947,1439.939296722412,0,0
2023-03-10,1751.35,1847.45,1765.4,1795.0,2685435.0,1528.7085693359375,1480.513201904297,1505.2993431091309,0,0
2023-03-11,1764.75,1847.35,1783.35,1765.4,2105219.0,1477.7935302734375,1490.0202056884766,1483.7993278503418,0,0
2023-03-12,1728.65,1810.45,1739.5,1783.35,2333662.0,1429.1413818359374,1480.951986694336,1457.4259757995605,0,0
2023-03-13,1722.65,1841.5,1806.2,1739.5,2519132.0,1370.3062255859375,1461.2066711425782,1415.8592796325684,0,1
2023-03-14,1714.8,1826.55,1738.95,1806.2,3045970.0,1388.9750732421874,1498.3571166992188,1445.0993003845215,0,1
2023-03-15,1732.8,1863.6,1817.5,1738.95,2244510.0,1400.8552490234374,1490.8977752685548,1450.2593040466309,0,1
2023-03-16,1727.2,1821.75,1753.25,1817.5,2169666.0,1418.9583740234373,1517.2248626708986,1472.9059867858887,0,1
2023-03-17,1715.35,1767.9,1747.2,1753.25,1729763.0,1392.9351318359375,1517.1517318725587,1459.719310760498,0,1
2023-03-18,1743.9,1802.3,1775.45,1747.2,2027911.0,1342.5858154296873,1531.7047607421875,1441.372631072998,0,1
2023-03-19,1687.7,1782.55,1715.9,1775.45,2599093.0,1331.8370849609373,1555.4722702026368,1447.9659690856934,0,1
2023-03-20,1702.45,1798.3,1774.35,1715.9,2387640.0,1339.1914794921875,1544.3563888549804,1446.8193016052246,0,1
2023-03-21,1773.8,1829.85,1795.6,1774.35,2376501.0,1380.4892333984374,1575.7295013427736,1483.2259941101074,0,1
2023-03-22,1762.0,1833.85,1794.75,1795.6,2517632.0,1377.6606201171874,1579.8248260498046,1480.93265914917,0,1
2023-03-23,1779.9,1849.65,1823.3,1794.75,2246691.0,1356.7288818359373,1573.608708190918,1469.1793174743652,0,1
2023-03-24,1810.05,1843.8,1822.35,1823.3,1651294.0,1395.7637451171875,1591.8182769775392,1496.6993370056152,0,1
2023-03-25,1773.0,1827.55,1794.8,1822.35,1973995.0,1360.1232177734373,1613.2456008911133,1491.5393333435059,0,1
2023-03-26,1762.8,1842.45,1811.1,1794.8,2966687.0,1355.0317138671874,1613.5381240844727,1488.3859977722168,0,1
2023-03-27,1803.3,1894.15,1873.25,1811.1,3225946.0,1377.6606201171874,1620.1930267333985,1501.8593406677246,0,1
2023-03-28,1867.1,1945.35,1909.55,1873.25,2244977.0,1390.6722412109373,1643.5217514038086,1519.346019744873,0,1
2023-03-29,1856.25,1910.5,1873.8,1909.55,1589666.0,1404.2495849609375,1645.4231521606446,1529.952693939209,0,1
2023-03-30,1840.45,1886.25,1863.95,1873.8,1528042.0,1391.2379638671873,1650.9079620361329,1523.6460227966309,0,1
2023-03-31,1845.7,1881.9,1849.8,1863.95,1358501.0,1394.0665771484373,1662.3163665771485,1532.5326957702637,0,1
2023-04-01,1824.15,1877.45,1860.5,1849.8,1694375.0,1378.2263427734374,1666.8504760742187,1524.7926902770996,0,1
2023-04-02,1847.45,1921.2,1912.95,1860.5,1866534.0,1381.1963867187499,1693.470086669922,1544.8593711853027,0,1
2023-04-03,1883.0,1940.4,1892.05,1912.95,1999786.0,1411.0382568359373,1725.4282455444336,1572.952724456787,0,1
2023-04-04,1853.4,1936.7,1920.8,1892.05,2366009.0,1351.6373779296873,1700.2712509155274,1532.2460289001465,0,1
2023-04-05,1901.0,2025.25,2015.2,1920.8,2947333.0,1425.7470458984374,1698.2235885620119,1567.2193870544434,0,1
2023-04-06,2010.65,2144.2,2102.3,2015.2,2934017.0,1508.3425537109374,1728.3534774780273,1623.9794273376465,0,1
2023-04-07,2075.8,2114.25,2092.2,2102.3,1118162.0,1545.1145263671874,1743.3452911376953,1647.772777557373,0,1
2023-04-08,2074.1,2146.25,2120.35,2092.2,1691477.0,1570.5720458984374,1748.7569702148437,1664.686122894287,0,1
2023-04-09,2060.0,2120.85,2077.3,2120.35,1951434.0,1545.1145263671874,1761.5548599243164,1656.6594505310059,0,1
2023-04-10,2052.25,2125.55,2106.4,2077.3,1729413.0,1516.2626708984374,1775.2303192138672,1650.926113128662,0,1
2023-04-11,1922.85,2107.75,1935.9,2106.4,3108156.0,1528.7085693359375,1807.0422164916993,1672.9994621276855,0,1
2023-04-12,1916.15,1985.95,1943.85,1935.9,1788259.0,1481.1878662109373,1706.1948455810548,1595.599407196045,0,1
2023-04-13,1826.25,1957.4,1851.8,1943.85,2138684.0,1422.3527099609373,1712.9228790283203,1577.8260612487793,0,1
2023-04-14,1844.3,1887.55,1873.75,1851.8,1214678.0,1387.8436279296873,1641.035304260254,1520.4926872253418,0,1
2023-04-15,1837.95,1884.75,1862.7,1873.75,1923570.0,1330.7056396484375,1667.1429992675783,1506.4460105895996,0,1
2023-04-16,1806.95,1892.85,1842.6,1862.7,2222272.0,1374.2662841796873,1688.5703231811524,1539.126033782959,0,1
2023-04-17,1802.1,1878.8,1866.3,1842.6,1978724.0,1338.6257568359374,1677.454441833496,1512.7526817321777,0,1
2023-04-18,1783.2,1967.3,1868.9,1866.3,3629771.0,1351.6373779296873,1713.2154022216798,1535.97269821167,0,1
2023-04-19,1863.0,1941.95,1910.8,1868.9,1869587.0,1384.4492919921875,1637.5250259399415,1515.0460166931152,0,1
2023-04-20,1876.65,1925.0,1894.25,1910.8,1123456.0,1388.9750732421874,1644.0336669921876,1518.7726860046387,0,1
2023-04-21,1884.6,1920.2,1910.85,1894.25,1021646.0,1377.0948974609373,1639.133903503418,1511.0326805114746,0,1
2023-04-22,1866.0,1940.5,1871.65,1910.85,1896311.0,1378.2263427734374,1652.0780548095704,1516.7660179138184,0,1
2023-04-23,1808.7,1888.55,1831.9,1871.65,1826431.0,1364.6489990234375,1645.2768905639648,1503.0060081481934,0,1
2023-04-24,1824.1,1884.25,1871.35,1831.9,1540054.0,1385.0150146484373,1632.7715240478517,1510.4593467712402,0,1
2023-04-25,1844.6,1917.55,1905.45,1871.35,2354274.0,1344.2829833984374,1658.2941726684571,1503.0060081481934,0,1
2023-04-26,1868.25,1919.9,1878.55,1905.45,1345012.0,1361.5375244140623,1683.0489479064943,1521.9260215759277,0,1
2023-04-27,1877.55,2008.05,1997.45,1878.55,2443760.0,1345.4144287109373,1673.285986328125,1509.5993461608887,0,1
2023-04-28,1862.25,2023.85,1900.15,1997.45,2727847.0,1461.1047119140624,1723.5999755859375,1591.299404144287,0,1
2023-04-29,1871.8,1937.3,1873.75,1900.15,1764823.0,1438.1929443359375,1669.556315612793,1555.1793785095215,0,1
2023-04-30,1811.65,1887.5,1848.95,1873.75,2508105.0,1389.5407958984374,1637.8906799316408,1513.326015472412,0,1
2023-05-01,1833.35,1864.15,1848.2,1848.95,1348097.0,1401.9866943359373,1621.363119506836,1512.1793479919434,0,1
2023-05-02,1790.75,1889.95,1843.9,1848.2,2763331.0,1376.5291748046873,1658.5501304626466,1516.4793510437012,0,1
2023-05-03,1774.35,1845.2,1796.15,1843.9,1794357.0,1416.6954833984373,1663.9983749389648,1539.6993675231934,0,1
2023-05-04,1739.75,1819.0,1808.85,1796.15,2209895.0,1396.3294677734373,1651.8586624145507,1523.6460227966309,0,1
2023-05-05,1787.3,1818.75,1797.2,1808.85,1202407.0,1409.6239501953123,1663.5595901489257,1537.9793663024902,0,1
2023-05-06,1793.15,1826.25,1800.9,1797.2,1653759.0,1378.5092041015623,1651.9317932128906,1515.3326835632324,0,1
2023-05-07,1786.75,1849.4,1818.2,1800.9,2293350.0,1357.0117431640624,1650.834831237793,1504.4393424987793,0,1
2023-05-08,1796.85,1833.5,1825.05,1818.2,2180392.0,1377.0948974609373,1655.515202331543,1516.4793510437012,0,1
2023-05-09,1784.7,1837.95,1823.05,1825.05,2357725.0,1379.6406494140624,1679.428973388672,1529.0926933288574,0,1
2023-05-10,1771.6,1833.5,1802.8,1823.05,2385179.0,1407.3610595703124,1677.0156570434572,1539.4127006530762,0,1
2023-05-11,1798.5,1832.2,1812.45,1802.8,1781136.0,1398.5923583984375,1667.3623916625977,1532.5326957702637,0,1
2023-05-12,1807.0,1830.7,1819.3,1812.45,1295194.0,1392.0865478515623,1667.654914855957,1530.2393608093262,0,1
2023-05-13,1798.75,1830.65,1807.8,1819.3,1650271.0,1376.2463134765624,1671.1651931762697,1520.2060203552246,0,1
2023-05-14,1793.65,1830.45,1819.05,1807.8,2282101.0,1360.6889404296874,1656.3562065124513,1507.5926780700684,0,1
2023-05-15,1816.4,1879.7,1854.9,1819.05,2486536.0,1383.3178466796874,1675.8455642700196,1525.0793571472168,0,1
2023-05-16,1776.25,1855.55,1800.8,1854.9,2637675.0,1395.1980224609374,1681.0012855529785,1534.8260307312012,0,1
2023-05-17,1760.65,1820.0,1807.3,1800.8,2197789.0,1390.5308105468748,1665.3878601074218,1525.0076904296875,0,1
2023-05-18,1797.3,1840.0,1829.3,1807.3,1847693.0,1403.4010009765623,1673.761336517334,1537.4060325622559,0,1
2023-05-19,1814.0,1836.9,1831.55,1829.3,1236246.0,1400.8552490234374,1678.478273010254,1539.126033782959,0,1
2023-05-20,1825.15,1931.85,1912.05,1831.55,1380549.0,1402.5524169921873,1694.6401794433593,1546.5793724060059,0,1
2023-05-21,1875.45,1931.7,1893.4,1912.05,1099886.0,1451.2045654296874,1708.0962463378908,1579.5460624694824,0,1
2023-05-22,1882.35,1918.55,1904.1,1893.4,1095882.0,1460.8218505859375,1696.8341033935546,1575.819393157959,0,1
2023-05-23,1845.65,1908.65,1875.25,1904.1,1219332.0,1473.8334716796874,1702.9405250549316,1587.5727348327637,0,1
2023-05-24,1838.05,1891.1,1863.55,1875.25,1799470.0,1457.9932373046875,1696.760972595215,1574.386058807373,0,1
2023-05-25,1849.25,1913.75,1907.6,1863.55,1742982.0,1452.3360107421875,1701.6607360839844,1576.3927268981934,0,1
2023-05-26,1882.25,1909.2,1892.45,1907.6,577054.0,1494.7652099609375,1719.7971740722658,1608.4994163513184,0,1
2023-05-27,1885.3,1916.65,1890.7,1892.45,594962.0,1444.4158935546873,1731.278709411621,1588.7194023132324,0,1
2023-05-28,1777.25,1891.45,1811.95,1890.7,1999900.0,1430.2728271484373,1716.1406341552736,1574.9593925476074,0,1
2023-05-29,1798.1,1900.0,1885.7,1811.95,1165780.0,1414.4325927734374,1665.6072525024415,1541.7060356140137,0,1
2023-05-30,1822.1,1898.85,1833.95,1885.7,913209.0,1477.7935302734375,1687.1077072143555,1583.559398651123,0,1
2023-05-31,1829.7,1862.85,1847.75,1833.95,807268.0,1466.4790771484375,1658.806088256836,1563.779384613037,0,1
2023-06-01,1827.65,1856.9,1843.2,1847.75,921469.0,1425.7470458984374,1668.8250076293946,1547.7260398864746,0,1
2023-06-02,1716.6,1847.3,1752.7,1843.2,3339318.0,1408.2096435546873,1674.163555908203,1541.4193687438965,0,1
2023-06-03,1740.6,1779.4,1755.5,1752.7,1574153.0,1382.7521240234373,1613.2090354919435,1499.8526725769043,0,1
2023-06-04,1720.75,1761.5,1744.9,1755.5,2275173.0,1375.3977294921874,1625.6047058105469,1500.7126731872559,0,1
2023-06-05,1725.9,1766.95,1739.75,1744.9,2464075.0,1357.8603271484374,1620.3027229309082,1489.2459983825684,0,1
2023-06-06,1630.95,1751.3,1651.6,1739.75,3296985.0,1331.2713623046873,1606.2981750488282,1467.459316253662,0,1
2023-06-07,1625.5,1680.95,1666.6,1651.6,2214594.0,1322.2197998046875,1558.3243713378906,1438.5059623718262,0,1
2023-06-08,1650.0,1728.45,1719.15,1666.6,2480089.0,1332.1199462890625,1565.4911895751954,1445.0993003845215,0,1
2023-06-09,1715.55,1773.85,1729.15,1719.15,1253746.0,1366.3461669921874,1573.7549697875977,1469.1793174743652,0,1
2023-06-10,1713.1,1749.5,1720.75,1729.15,899081.0,1339.7572021484373,1567.1000671386719,1448.5393028259277,0,1
2023-06-11,1700.25,1753.4,1738.35,1720.75,1980307.0,1332.1199462890625,1566.8075439453125,1446.3893013000488,0,1
2023-06-12,1713.6,1796.6,1792.8,1738.35,3021468.0,1349.3744873046874,1579.239779663086,1461.152645111084,0,1
2023-06-13,1789.55,1903.85,1892.3,1792.8,3375070.0,1388.9750732421874,1615.5857864379884,1499.27933883667,0,1
2023-06-14,1866.85,1934.4,1874.05,1892.3,2139684.0,1460.5389892578123,1639.7920806884765,1549.016040802002,0,1
2023-06-15,1862.65,1939.55,1896.05,1874.05,2424373.0,1445.5473388671874,1616.0977020263672,1528.2326927185059,0,1
2023-06-16,1865.95,1907.45,1875.6,1896.05,1446762.0,1451.2045654296874,1608.4920989990235,1527.3726921081543,0,1
2023-06-17,1870.0,1933.15,1899.95,1875.6,1910750.0,1429.7071044921875,1624.9465286254883,1528.2326927185059,0,1
2023-06-18,1838.3,1910.8,1859.95,1899.95,2688502.0,1408.2096435546873,1643.814274597168,1526.2260246276855,0,1
2023-06-19,1855.45,1914.5,1892.15,1859.95,2089735.0,1426.3127685546874,1644.6187133789062,1535.97269821167,0,1
2023-06-20,1815.0,1892.4,1829.45,1892.15,2193052.0,1424.0498779296875,1662.8282821655273,1544.8593711853027,0,1
2023-06-21,1829.25,1881.0,1853.0,1829.45,1603365.0,1395.7637451171875,1651.4930084228515,1525.6526908874512,0,1
2023-06-22,1824.55,1948.4,1935.65,1853.0,2820751.0,1345.9801513671873,1662.0969741821289,1506.1593437194824,0,1
2023-06-23,1911.2,1945.4,1924.25,1935.65,1152877.0,1460.8218505859375,1679.940888977051,1570.6593894958496,0,1
2023-06-24,1883.5,1964.0,1939.8,1924.25,1883396.0,1427.4442138671873,1701.8069976806642,1567.5060539245605,0,1
2023-06-25,1936.4,1978.55,1956.4,1939.8,2000519.0,1473.2677490234373,1704.0009216308595,1591.299404144287,0,1
2023-06-26,1932.35,1967.3,1937.55,1956.4,1508377.0,1469.3076904296875,1712.2647018432617,1592.4460716247559,0,1
2023-06-27,1896.45,1944.3,1910.45,1937.55,1792319.0,1429.1413818359374,1729.377308654785,1583.8460655212402,0,1
2023-06-28,1846.65,1959.55,1846.65,1910.45,2730473.0,1424.0498779296875,1711.6065246582032,1570.3727226257324,0,1
2023-06-29,1826.95,1879.95,1872.35,1846.65,1674977.0,1386.1464599609374,1647.9095993041992,1521.6393547058105,0,1
2023-06-30,1842.65,1875.45,1866.9,1872.35,1646148.0,1390.6722412109373,1674.9679946899414,1536.8326988220215,0,1
2023-07-01,1856.45,1881.6,1864.75,1866.9,1373898.0,1402.4109863281249,1678.880492401123,1545.0743713378906,0,1
2023-07-02,1846.7,1908.45,1883.0,1864.75,2371782.0,1365.7804443359373,1692.3731246948244,1531.672695159912,0,1
2023-07-03,1863.7,1892.2,1878.5,1883.0,1586589.0,1365.7804443359373,1698.9548965454103,1536.259365081787,0,1
2023-07-04,1865.0,1904.0,1873.0,1878.5,1906080.0,1366.3461669921874,1715.3361953735352,1542.5660362243652,0,1
2023-07-05,1863.35,2016.6,2006.45,1873.0,3150057.0,1338.6257568359374,1716.9450729370117,1530.2393608093262,0,1
2023-07-06,1897.1,2031.95,1939.2,2006.45,2799345.0,1430.2728271484373,1730.7667938232423,1581.5527305603027,0,1
2023-07-07,1927.0,1946.85,1932.1,1939.2,1014169.0,1462.5190185546874,1686.5957916259765,1579.8327293395996,0,1
2023-07-08,1915.25,1946.05,1923.4,1932.1,1413271.0,1455.1646240234375,1695.2252258300782,1576.9660606384277,0,1
2023-07-09,1872.7,1937.65,1911.8,1923.4,2088504.0,1422.3527099609373,1694.5670486450197,1560.9127159118652,0,1
2023-07-10,1876.6,1918.15,1898.6,1911.8,1655571.0,1414.9983154296874,1706.7798919677734,1562.6327171325684,0,1
2023-07-11,1882.55,1925.35,1888.25,1898.6,1979156.0,1434.2328857421874,1729.1579162597657,1584.992733001709,0,1
2023-07-12,1877.7,1931.15,1892.5,1888.25,2027106.0,1392.9351318359375,1715.7749801635744,1558.0460472106934,0,1
2023-07-13,1885.4,1907.95,1891.55,1892.5,1643840.0,1357.2946044921873,1710.0707778930664,1532.5326957702637,0,1
2023-07-14,1850.1,1897.45,1866.0,1891.55,1390207.0,1355.5974365234374,1722.0642288208007,1539.4127006530762,0,1
2023-07-15,1859.3,1906.95,1888.65,1866.0,1465382.0,1326.1798583984373,1715.921241760254,1522.499355316162,0,1
2023-07-16,1832.15,1891.2,1850.0,1888.65,1709390.0,1354.4659912109373,1724.9163299560548,1539.126033782959,0,1
2023-07-17,1846.75,1870.4,1858.35,1850.0,1249859.0,1369.1747802734374,1704.8053604125978,1537.4060325622559,0,1
2023-07-18,1850.45,1889.0,1874.15,1858.35,1631746.0,1319.3911865234375,1721.8448364257813,1522.499355316162,0,1
2023-07-19,1855.6,1887.95,1863.05,1874.15,1311742.0,1341.7372314453123,1702.4651748657227,1522.212688446045,0,1
2023-07-20,1856.95,1884.35,1876.2,1863.05,1315559.0,1316.2797119140623,1687.9852767944337,1500.7126731872559,0,1
2023-07-21,1871.0,1889.4,1882.8,1876.2,981512.0,1362.3861083984373,1698.2601539611817,1529.0926933288574,0,1
2023-07-22,1849.55,1886.85,1861.95,1882.8,1632879.0,1376.2463134765624,1722.7955368041992,1548.8727073669434,0,1
2023-07-23,1851.7,1879.15,1857.65,1861.95,1515674.0,1353.0516845703123,1726.9639923095704,1538.5527000427246,0,1
2023-07-24,1809.9,1876.2,1874.95,1857.65,2252320.0,1330.9885009765624,1710.5826934814454,1519.6326866149902,0,1
2023-07-25,1820.3,1880.5,1840.1,1874.95,1648431.0,1384.7321533203124,1715.9943725585938,1550.3060417175293,0,1
2023-07-26,1825.95,1859.3,1834.8,1840.1,1290567.0,1374.5491455078125,1714.2392333984376,1543.712703704834,0,1
2023-07-27,1813.55,1851.4,1828.8,1834.8,1314397.0,1385.2978759765624,1703.7815292358398,1543.1393699645996,0,1
2023-07-28,1826.55,1838.55,1836.2,1828.8,643565.0,1363.8004150390623,1704.8053604125978,1531.9593620300293,0,1
2023-07-29,1825.75,1838.0,1829.0,1836.2,925794.0,1354.7488525390625,1717.4935539245605,1535.6860313415527,0,1
2023-07-30,1800.1,1846.0,1827.4,1829.0,1917757.0,1353.0516845703123,1706.2679763793947,1527.9460258483887,0,1
2023-07-31,1825.65,1877.25,1857.3,1827.4,1413929.0,1368.3261962890624,1709.778254699707,1541.4193687438965,0,1
2023-08-01,1846.05,1872.55,1855.7,1857.3,978824.0,1362.6689697265624,1723.3074523925782,1541.9927024841309,0,1
2023-08-02,1843.9,1865.9,1852.5,1855.7,999226.0,1366.9118896484374,1713.14227142334,1540.559368133545,0,1
2023-08-03,1836.8,1856.9,1848.4,1852.5,966236.0,1337.2114501953124,1705.5366683959962,1520.4926872253418,0,1
2023-08-04,1845.55,1853.45,1849.05,1848.4,449970.0,1340.8886474609374,1709.1200775146485,1523.0726890563965,0,1
2023-08-05,1833.2,1863.3,1839.7,1849.05,1163148.0,1352.7688232421874,1722.3567520141603,1538.2660331726074,0,1
2023-08-06,1834.0,1855.65,1845.75,1839.7,931305.0,1351.0716552734373,1719.9068702697755,1533.9660301208496,0,1
2023-08-07,1811.15,1847.0,1828.35,1845.75,1119140.0,1335.2314208984374,1718.4808197021484,1525.6526908874512,0,1
2023-08-08,1795.0,1831.0,1805.95,1828.35,1046972.0,1364.3661376953123,1710.5461280822753,1536.259365081787,0,1
2023-08-09,1479.15,1808.2,1679.7,1805.95,4309694.0,1340.6057861328125,1698.8086349487305,1519.0593528747559,0,1
2023-08-10,1641.25,1697.8,1661.95,1679.7,1429901.0,1507.4939697265625,1616.3902252197265,1560.626049041748,0,0
2023-08-11,1655.0,1697.85,1669.45,1661.95,901221.0,1490.2394287109373,1605.2012130737305,1547.8693733215332,0,0
2023-08-12,1662.75,1694.75,1685.25,1669.45,760933.0,1436.7786376953125,1568.5626831054688,1501.2860069274902,0,1
2023-08-13,1649.35,1688.6,1668.45,1685.25,1092910.0,1403.4010009765623,1564.1017044067382,1482.0793266296387,0,1
2023-08-14,1581.0,1670.45,1635.0,1668.45,1705402.0,1421.7869873046873,1594.0853317260742,1504.7260093688965,0,1
2023-08-15,1630.35,1703.45,1680.3,1635.0,1347863.0,1431.828564453125,1578.289079284668,1502.6476745605469,0,1
2023-08-16,1636.2,1684.1,1661.1,1680.3,1157706.0,1429.7071044921875,1585.4924629211425,1503.4360084533691,0,1
2023-08-17,1636.2,1677.85,1653.15,1661.1,889054.0,1422.0698486328124,1576.8264633178712,1496.1260032653809,0,1
2023-08-18,1643.65,1655.45,1647.4,1653.15,564381.0,1352.4859619140623,1559.2750717163087,1450.9759712219238,0,1
2023-08-19,1646.1,1660.6,1658.85,1647.4,560311.0,1323.6341064453125,1558.9825485229492,1436.9292945861816,0,1
2023-08-20,1621.85,1664.0,1653.35,1658.85,1456265.0,1333.2513916015623,1570.4640838623047,1446.8193016052246,0,1
2023-08-21,1640.3,1747.0,1730.7,1653.35,1770599.0,1354.1831298828124,1589.514656829834,1469.0359840393066,0,1
2023-08-22,1696.0,1731.65,1705.4,1730.7,899802.0,1420.9384033203123,1593.7928085327148,1502.7193412780762,0,1
2023-08-23,1630.85,1728.0,1647.45,1705.4,1525923.0,1411.0382568359373,1591.8182769775392,1497.5593376159668,0,1
2023-08-24,1602.7,1655.85,1629.35,1647.45,1185683.0,1376.8120361328124,1543.0034690856935,1455.4193077087402,0,1
2023-08-25,1628.9,1645.7,1638.25,1629.35,656873.0,1379.9235107421873,1533.0211151123046,1453.9859733581543,0,1
2023-08-26,1625.75,1648.35,1635.95,1638.25,755121.0,1350.5059326171875,1551.8888610839845,1447.5359687805176,0,1
2023-08-27,1617.6,1645.15,1631.1,1635.95,838521.0,1346.5458740234374,1551.4500762939454,1446.2459678649902,0,1
2023-08-28,1609.7,1648.8,1633.8,1631.1,988162.0,1347.3944580078123,1571.7804382324218,1456.9959754943848,0,1
2023-08-29,1608.1,1672.25,1633.0,1633.8,1609220.0,1367.4776123046875,1568.1604637145997,1464.0193138122559,0,1
2023-08-30,1624.05,1660.65,1649.1,1633.0,1268387.0,1317.9768798828125,1544.063865661621,1425.0326194763184,0,1
2023-08-31,1616.05,1659.9,1636.7,1649.1,1214006.0,1343.7172607421874,1555.6550971984864,1448.109302520752,0,1
2023-09-01,1631.1,1638.45,1636.45,1636.7,194354.0,1367.1947509765623,1533.3867691040039,1449.112636566162,0,1
2023-09-02,1594.5,1636.7,1618.4,1636.45,1138900.0,1344.8487060546875,1566.4418899536133,1451.5493049621582,0,1
2023-09-03,1531.2,1620.1,1551.7,1618.4,2012878.0,1341.4543701171874,1553.86339263916,1444.8126335144043,0,1
2023-09-04,1549.0,1626.7,1594.25,1551.7,1988533.0,1347.3944580078123,1508.0103820800782,1424.8892860412598,0,1
2023-09-05,1582.8,1620.6,1608.6,1594.25,1300690.0,1344.5658447265623,1499.8562980651857,1419.5859489440918,0,1
2023-09-06,1607.95,1645.3,1628.7,1608.6,1259906.0,1348.8087646484373,1492.616349029541,1417.5792808532715,0,1
2023-09-07,1612.8,1654.95,1642.45,1628.7,1027346.0,1352.7688232421874,1495.505015563965,1423.025951385498,0,1
2023-09-08,1632.25,1653.65,1635.65,1642.45,583727.0,1381.6206787109375,1529.7302291870117,1453.9859733581543,0,1
2023-09-09,1612.65,1636.0,1623.55,1635.65,1014583.0,1336.0800048828123,1535.3613006591797,1434.4926261901855,0,1
2023-09-10,1604.0,1671.2,1638.4,1623.55,1478571.0,1340.3229248046873,1541.796810913086,1438.219295501709,0,1
2023-09-11,1627.25,1661.35,1644.7,1638.4,1066864.0,1340.3229248046873,1548.0860595703125,1438.7926292419434,0,1
2023-09-12,1605.0,1649.9,1623.3,1644.7,1178447.0,1318.8254638671874,1561.1764724731445,1439.0792961120605,0,1
2023-09-13,1567.6,1625.95,1585.1,1623.3,1342418.0,1318.8254638671874,1533.825553894043,1425.89262008667,0,1
2023-09-14,1577.55,1603.4,1594.45,1585.1,769857.0,1328.4427490234373,1511.9594451904297,1417.005947113037,0,1
2023-09-15,1588.35,1599.0,1595.05,1594.45,431520.0,1327.8770263671875,1523.952896118164,1422.4526176452637,0,1
2023-09-16,1570.9,1602.5,1580.5,1595.05,1027211.0,1339.4743408203124,1531.4122375488282,1433.0592918395996,0,1
2023-09-17,1563.85,1598.5,1588.75,1580.5,1385823.0,1309.2081787109373,1532.947984313965,1420.4459495544434,0,1
2023-09-18,1581.1,1600.0,1594.85,1588.75,720295.0,1320.8054931640625,1544.8683044433594,1431.6259574890137,0,1
2023-09-19,1582.35,1634.5,1598.35,1594.85,1441860.0,1302.9852294921873,1546.001831817627,1423.025951385498,0,1
2023-09-20,1598.2,1669.0,1653.0,1598.35,1254265.0,1320.2397705078124,1529.0720520019531,1422.7392845153809,0,1
2023-09-21,1649.8,1689.2,1668.2,1653.0,1251303.0,1349.6573486328123,1539.6028869628906,1442.2326316833496,0,1
2023-09-22,1666.4,1696.25,1671.45,1668.2,716874.0,1351.0716552734373,1544.136996459961,1445.6726341247559,0,1
2023-09-23,1669.3,1780.55,1734.5,1671.45,1473533.0,1340.3229248046873,1524.3185501098633,1430.765956878662,0,1
2023-09-24,1634.45,1745.6,1663.6,1734.5,1808179.0,1380.4892333984374,1517.7367782592773,1447.392635345459,0,1
2023-09-25,1643.6,1671.2,1658.1,1663.6,574059.0,1394.0665771484373,1487.6068893432619,1439.939296722412,0,1
2023-09-26,1620.2,1658.85,1648.05,1658.1,966782.0,1347.1115966796874,1508.3760360717774,1429.6192893981934,0,1
2023-09-27,1607.5,1655.6,1612.3,1648.05,1023272.0,1356.7288818359373,1510.2043060302735,1434.7792930603027,0,1
2023-09-28,1612.15,1664.85,1647.25,1612.3,956218.0,1319.9569091796873,1517.444255065918,1418.7259483337402,0,1
2023-09-29,1631.95,1649.6,1635.45,1647.25,384193.0,1335.5142822265623,1542.308726501465,1441.8026313781738,0,1
2023-09-30,1618.0,1643.35,1635.05,1635.45,678953.0,1306.9452880859374,1546.2577896118164,1427.3259544372559,0,1
2023-10-01,1546.05,1637.4,1580.65,1635.05,1559862.0,1315.9968505859374,1556.9714515686035,1436.4992942810059,0,1
2023-10-02,1551.55,1596.1,1568.15,1580.65,822839.0,1303.5509521484373,1529.7667945861817,1417.8659477233887,0,1
2023-10-03,1544.95,1579.45,1567.65,1568.15,1268594.0,1331.8370849609373,1519.309090423584,1425.6059532165527,0,1
2023-10-04,1519.95,1569.1,1540.75,1567.65,1626485.0,1330.7056396484375,1518.1755630493165,1424.459285736084,0,1
2023-10-05,1537.8,1577.2,1552.8,1540.75,1222109.0,1312.0367919921873,1506.0358505249023,1407.2592735290527,0,1
2023-10-06,1545.45,1562.55,1555.55,1552.8,484030.0,1307.7938720703123,1490.8977752685548,1397.2259330749512,0,1
2023-10-07,1548.8,1567.25,1557.6,1555.55,995372.0,1302.4195068359375,1498.4302474975586,1397.5125999450684,0,1
2023-10-08,1555.05,1643.0,1599.85,1557.6,2213921.0,1306.3795654296873,1491.1902984619142,1396.6525993347168,0,1
2023-10-09,1551.65,1601.15,1565.0,1599.85,908917.0,1311.4710693359373,1486.5830581665039,1397.2259330749512,0,1
2023-10-10,1556.15,1586.4,1563.6,1565.0,802688.0,1308.6424560546873,1472.030029296875,1389.485927581787,0,1
2023-10-11,1541.7,1575.8,1566.9,1563.6,644285.0,1285.4478271484375,1469.3607551574707,1375.725917816162,0,1
2023-10-12,1562.0,1632.65,1604.9,1566.9,889925.0,1270.4561767578123,1478.9774551391602,1373.1459159851074,0,1
2023-10-13,1593.35,1645.4,1630.5,1604.9,526094.0,1289.1250244140624,1491.6290832519533,1388.0525932312012,0,1
2023-10-14,1623.1,1669.1,1664.85,1630.5,729133.0,1335.7971435546874,1511.4475296020507,1421.8792839050293,0,1
2023-10-15,1659.25,1807.65,1770.15,1664.85,2068091.0,1331.8370849609373,1531.485368347168,1431.6259574890137,0,1
2023-10-16,1756.55,1856.55,1786.5,1770.15,2091881.0,1414.9983154296874,1528.1944824218751,1468.892650604248,0,1
2023-10-17,1761.7,1820.25,1789.4,1786.5,756201.0,1421.7869873046873,1513.1295379638673,1466.8859825134277,0,1
2023-10-18,1764.1,1869.45,1804.85,1789.4,995100.0,1448.3759521484374,1529.8764907836915,1489.8193321228027,0,1
2023-10-19,1746.15,1805.1,1782.0,1804.85,761728.0,1421.2212646484375,1515.0309387207033,1466.3126487731934,0,1
2023-10-20,1771.45,1804.6,1777.2,1782.0,452314.0,1430.2728271484373,1551.5232070922852,1491.826000213623,0,1
2023-10-21,1763.15,1813.65,1796.85,1777.2,487916.0,1399.7238037109373,1564.321096801758,1485.519329071045,0,1
2023-10-22,1778.05,1834.3,1811.55,1796.85,1000079.0,1392.3694091796874,1595.4016860961915,1496.9860038757324,0,1
2023-10-23,1782.9,1821.85,1817.7,1811.55,741078.0,1376.5291748046873,1623.9226974487306,1506.1593437194824,0,1
2023-10-24,1784.25,1863.2,1849.5,1817.7,1034285.0,1388.9750732421874,1648.494645690918,1521.6393547058105,0,1
2023-10-25,1785.15,1877.9,1801.8,1849.5,975088.0,1416.6954833984373,1663.4133285522462,1544.8593711853027,0,1
2023-10-26,1778.5,1836.9,1834.3,1801.8,733964.0,1430.8385498046873,1633.941616821289,1537.9793663024902,0,1
2023-10-27,1825.95,1873.8,1858.3,1834.3,375666.0,1436.4957763671873,1656.2465103149414,1548.5860404968262,0,1
2023-10-28,1849.0,1916.8,1895.5,1858.3,970323.0,1457.4275146484374,1668.3130920410156,1566.9327201843262,0,1
2023-10-29,1871.95,1918.2,1902.75,1895.5,654495.0,1441.5872802734373,1678.039488220215,1565.212718963623,0,1
2023-10-30,1851.75,1910.5,1887.95,1902.75,792009.0,1482.8850341796874,1693.2506942749023,1592.732738494873,0,1
2023-10-31,1875.0,1907.55,1890.35,1887.95,557955.0,1454.5989013671874,1699.9055969238282,1583.559398651123,0,1
2023-11-01,1884.05,2136.5,2124.85,1890.35,2450671.0,1442.7187255859374,1703.0502212524414,1579.8327293395996,0,1
2023-11-02,2067.7,2140.0,2080.9,2124.85,1114313.0,1613.0012451171874,1729.1579162597657,1678.446132659912,0,1
2023-11-03,2032.0,2092.7,2056.15,2080.9,688719.0,1599.9896240234373,1746.5630462646484,1680.1661338806152,0,1
2023-11-04,2015.0,2070.5,2046.8,2056.15,611248.0,1575.0978271484373,1724.6238067626953,1654.3661155700684,0,1
2023-11-05,2030.95,2122.45,2055.35,2046.8,1113851.0,1532.6686279296873,1741.5170211791992,1644.9061088562012,0,1
2023-11-06,1918.8,2067.3,1980.55,2055.35,1454553.0,1500.4224365234375,1745.0272994995119,1629.426097869873,0,1
2023-11-07,1967.95,2066.75,2063.1,1980.55,1046296.0,1538.8915771484374,1729.523570251465,1641.1794395446777,0,1
2023-11-08,1939.7,2092.95,1963.4,2063.1,1654249.0,1525.3142333984374,1770.9887329101564,1658.379451751709,0,1
2023-11-09,1906.15,1991.9,1963.35,1963.4,905661.0,1473.8334716796874,1675.4067794799805,1583.559398651123,0,1
2023-11-10,1918.1,1974.5,1965.05,1963.35,455027.0,1448.9416748046874,1694.34765625,1583.2727317810059,0,1
2023-11-11,1946.05,2018.0,2013.85,1965.05,487808.0,1480.6221435546875,1738.8843124389648,1615.9527549743652,0,1
2023-11-12,1993.3,2070.5,2024.6,2013.85,884530.0,1466.4790771484375,1761.335467529297,1623.9794273376465,0,1
2023-11-13,1932.9,2037.4,1934.75,2024.6,1057852.0,1465.0647705078125,1770.5499481201173,1625.9860954284668,0,1
2023-11-14,1924.95,2095.75,2066.75,1934.75,802163.0,1408.2096435546873,1720.5284820556642,1570.6593894958496,0,1
2023-11-15,2041.55,2091.05,2063.4,2066.75,464128.0,1484.0164794921873,1724.0387603759766,1609.0727500915527,0,1
2023-11-16,2061.4,2137.6,2081.85,2063.4,962256.0,1457.4275146484374,1738.6649200439454,1604.4860801696777,0,1
2023-11-17,2068.0,2092.85,2086.0,2081.85,209540.0,1441.5872802734373,1714.7511489868164,1585.2793998718262,0,1
2023-11-18,2036.8,2097.4,2064.6,2086.0,746002.0,1454.0331787109374,1773.2557876586914,1618.2460899353027,0,1
2023-11-19,1987.05,2073.7,2028.95,2064.6,861260.0,1414.4325927734374,1790.9534408569336,1609.0727500915527,0,1
2023-11-20,1996.1,2078.0,2051.3,2028.95,736992.0,1414.4325927734374,1779.6181671142579,1603.0527458190918,0,1
2023-11-21,2021.1,2077.8,2031.95,2051.3,505625.0,1398.5923583984375,1805.9452545166016,1611.3660850524902,0,1
2023-11-22,2022.1,2056.3,2053.15,2031.95,511984.0,1394.0665771484373,1791.0997024536134,1597.6060752868652,0,1
2023-11-23,2046.35,2113.5,2088.5,2053.15,913607.0,1377.0948974609373,1820.4251525878906,1605.6327476501465,0,1
2023-11-24,2088.0,2199.0,2168.8,2088.5,889530.0,1421.2212646484375,1834.6125274658204,1633.4394340515137,0,1
2023-11-25,2151.35,2221.4,2195.85,2168.8,628982.0,1467.0447998046873,1846.8253707885742,1659.5261192321777,0,1
2023-11-26,2194.45,2277.95,2245.55,2195.85,1072656.0,1516.8283935546874,1863.5723236083984,1696.506145477295,0,1
2023-11-27,2190.3,2312.45,2295.2,2245.55,1144683.0,1507.2111083984373,1856.332374572754,1686.7594718933105,0,1
2023-11-28,2220.1,2314.4,2234.4,2295.2,732572.0,1577.9264404296873,1891.7276809692382,1738.6461753845215,0,1
2023-11-29,2223.4,2387.2,2358.75,2234.4,919580.0,1545.6802490234375,1863.352931213379,1709.1194877624512,0,1
2023-11-30,2337.55,2396.05,2361.3,2358.75,842007.0,1618.6584716796874,1882.3669387817383,1755.8461875915527,0,1
2023-12-01,2331.45,2408.0,2343.2,2361.3,676327.0,1602.8182373046873,1909.7909881591797,1763.872859954834,0,1
2023-12-02,2325.0,2380.9,2354.4,2343.2,372688.0,1559.2575927734374,1905.3300094604492,1738.9328422546387,0,1
2023-12-03,2120.55,2356.2,2226.85,2354.4,1818368.0,1551.3374755859375,1935.898683166504,1749.5395164489746,0,1
2023-12-04,2167.15,2245.6,2203.4,2226.85,687949.0,1599.9896240234373,1891.0695037841797,1756.13285446167,0,1
2023-12-05,2146.65,2286.0,2263.0,2203.4,749490.0,1533.2343505859374,1911.3998657226564,1733.486171722412,0,1
2023-12-06,2221.4,2335.45,2318.3,2263.0,881958.0,1604.5154052734374,1911.472996520996,1767.3128623962402,0,1
2023-12-07,2199.75,2321.25,2222.4,2318.3,638040.0,1615.2641357421874,1948.6234420776368,1790.2462120056152,0,1
2023-12-08,2212.7,2264.75,2228.85,2222.4,244927.0,1570.0063232421874,1916.8115447998048,1750.9728507995605,0,1
2023-12-09,2190.95,2248.4,2195.9,2228.85,366691.0,1546.2459716796873,1895.8230056762695,1730.332836151123,0,1
2023-12-10,2116.2,2225.6,2220.6,2195.9,651551.0,1500.9881591796873,1891.8008117675781,1702.812816619873,0,1
2023-12-11,2136.7,2256.65,2178.8,2220.6,570952.0,1562.6519287109375,1933.9241516113282,1756.7061882019043,0,1
2023-12-12,2157.8,2268.95,2204.65,2178.8,805932.0,1515.1312255859373,1908.694026184082,1716.572826385498,0,1
2023-12-13,2185.45,2282.3,2242.3,2204.65,720910.0,1513.4340576171874,1865.1080703735352,1692.4928092956543,0,1
2023-12-14,2232.9,2347.75,2328.15,2242.3,1104443.0,1506.6453857421873,1866.643817138672,1692.4928092956543,0,1
2023-12-15,2268.65,2334.4,2311.5,2328.15,338261.0,1540.5887451171873,1899.2601531982423,1722.8794975280762,0,1
2023-12-16,2246.2,2329.85,2266.5,2311.5,791101.0,1554.7318115234373,1923.75897064209,1743.2328453063965,0,1
2023-12-17,2255.45,2309.8,2273.2,2266.5,403049.0,1532.1029052734373,1909.205941772461,1725.746166229248,0,1
2023-12-18,2180.35,2276.75,2231.95,2273.2,869359.0,1494.7652099609375,1928.43934173584,1715.9994926452637,0,1
2023-12-19,2213.65,2395.95,2382.1,2231.95,979709.0,1487.9765380859374,1930.4138732910158,1712.2728233337402,0,1
2023-12-20,2338.25,2450.8,2347.35,2382.1,1412836.0,1558.1261474609373,1963.6152557373048,1764.7328605651855,0,1
2023-12-21,2257.2,2389.5,2300.25,2347.35,1192571.0,1566.6119873046873,1921.1262619018555,1747.8195152282715,0,1
2023-12-22,2270.45,2325.65,2294.55,2300.25,413535.0,1551.3374755859375,1896.9199676513672,1728.61283493042,0,1
2023-12-23,2260.0,2323.2,2283.3,2294.55,427162.0,1538.8915771484374,1910.0103805541992,1728.61283493042,0,1
2023-12-24,2267.35,2356.45,2356.1,2283.3,492414.0,1523.0513427734375,1913.5937896728517,1722.8794975280762,0,1
2023-12-25,2342.6,2436.8,2358.0,2356.1,1161141.0,1549.6403076171873,1978.7533309936523,1767.026195526123,0,1
2023-12-26,2063.7,2388.3,2212.5,2358.0,1839580.0,1504.3824951171873,1962.5182937622071,1739.2195091247559,0,1
2023-12-27,2204.65,2298.95,2271.05,2212.5,595914.0,1603.3839599609373,1855.1622817993164,1732.6261711120605,0,1
2023-12-28,2209.25,2280.65,2272.2,2271.05,681444.0,1543.9830810546873,1879.1491836547852,1715.4978256225586,0,1
2023-12-29,2220.1,2273.55,2244.5,2272.2,234262.0,1562.6519287109375,1890.7038497924805,1731.766170501709,0,1
2023-12-30,2207.9,2261.55,2225.45,2244.5,398716.0,1546.8116943359373,1898.5288452148438,1725.746166229248,0,1
2023-12-31,2167.5,2361.8,2334.4,2225.45,1037718.0,1547.6602783203123,1942.1879318237304,1749.8261833190918,0,1
2024-01-01,2227.9,2378.4,2347.45,2334.4,1259036.0,1641.8531005859372,1956.8140914916992,1801.1395530700684,0,1
2024-01-02,2343.9,2649.15,2587.0,2347.45,1822835.0,1726.1457763671874,1996.8166381835938,1864.779598236084,0,1
2024-01-03,2568.7,2693.15,2620.0,2587.0,1023923.0,1816.0956787109374,1983.9456176757812,1900.8996238708496,0,1
2024-01-04,2459.95,2720.6,2522.85,2620.0,1539437.0,1844.9475341796874,1958.4229690551758,1903.7662925720215,0,1
2024-01-05,2498.75,2591.9,2579.2,2522.85,402187.0,1838.7245849609374,1853.1146194458008,1847.5795860290527,0,1
2024-01-06,2471.0,2580.3,2474.15,2579.2,428876.0,1807.6098388671874,1945.1131637573242,1879.972942352295,0,1
2024-01-07,2472.4,2554.3,2512.15,2474.15,376765.0,1717.6599365234374,1914.6907516479494,1821.2062339782715,0,1
2024-01-08,2500.2,2614.9,2588.8,2512.15,425352.0,1639.0244873046872,1966.759880065918,1810.8862266540527,0,1
2024-01-09,2506.8,2594.15,2531.75,2588.8,332986.0,1623.7499755859374,2057.076416015625,1846.1462516784668,0,1
2024-01-10,2426.9,2549.25,2472.45,2531.75,603846.0,1585.2808349609375,2062.268702697754,1830.9529075622559,0,1
2024-01-11,2413.05,2504.0,2491.8,2472.45,608627.0,1482.8850341796874,2039.5981552124024,1768.7461967468262,0,1
2024-01-12,2453.9,2491.95,2472.7,2491.8,187321.0,1578.4921630859374,2083.9885498046874,1838.4062461853027,0,1
2024-01-13,2451.9,2483.4,2457.1,2472.7,291830.0,1535.4972412109373,2113.606523132324,1830.9529075622559,0,1
2024-01-14,2303.45,2466.15,2313.2,2457.1,835188.0,1527.0114013671873,2145.125897216797,1844.1395835876465,0,1
2024-01-15,2167.55,2351.65,2243.5,2313.2,850197.0,1481.1878662109373,2032.9432525634766,1764.1595268249512,0,1
2024-01-16,2197.1,2264.0,2234.95,2243.5,398071.0,1498.7252685546873,1971.440251159668,1744.092845916748,0,1
2024-01-17,2170.95,2243.2,2218.85,2234.95,297063.0,1478.3592529296873,1962.2257705688478,1726.0328330993652,0,1
2024-01-18,2197.0,2282.35,2267.95,2218.85,374048.0,1472.1363037109375,1941.017839050293,1710.8394889831543,0,1
2024-01-19,2251.75,2284.25,2268.85,2267.95,136645.0,1524.4656494140625,1959.5199310302735,1747.3895149230957,0,1
2024-01-20,2240.0,2310.25,2259.05,2268.85,298758.0,1517.6769775390624,1991.3318283081055,1755.2728538513184,0,1
2024-01-21,2235.0,2323.95,2319.65,2259.05,364924.0,1470.4391357421873,1959.5930618286134,1715.4261589050293,0,1
2024-01-22,2298.25,2394.0,2343.85,2319.65,409757.0,1499.2909912109374,1985.042579650879,1742.2295112609863,0,1
2024-01-23,2264.15,2353.7,2283.15,2343.85,413389.0,1508.6254150390623,1972.6834747314454,1738.6461753845215,0,1
2024-01-24,2241.05,2312.7,2305.05,2283.15,362951.0,1512.0197509765624,1945.734775543213,1727.4661674499512,0,1
2024-01-25,2282.35,2325.95,2309.95,2305.05,217239.0,1541.1544677734373,1974.694571685791,1755.7028541564941,0,1
2024-01-26,2293.85,2331.05,2298.1,2309.95,160932.0,1527.8599853515623,1989.6132545471191,1758.9995231628418,0,1
2024-01-27,2266.75,2311.45,2290.0,2298.1,293438.0,1467.6105224609373,1986.943980407715,1726.462833404541,0,1
2024-01-28,2269.9,2339.35,2299.95,2290.0,390573.0,1510.0397216796873,1995.0980644226074,1752.1195182800293,0,1
2024-01-29,2297.35,2393.3,2373.15,2299.95,424103.0,1493.6337646484374,1998.7911697387697,1746.3861808776855,0,1
2024-01-30,2353.55,2447.55,2427.3,2373.15,498192.0,1523.6170654296873,2024.350383758545,1772.9028663635254,0,1
2024-01-31,2413.45,2465.95,2421.85,2427.3,463767.0,1588.1094482421875,2029.6523666381836,1808.0195579528809,0,1
2024-02-01,2421.05,2528.1,2488.65,2421.85,612879.0,1580.1893310546873,2031.3343750000001,1805.4395561218262,0,1
2024-02-02,2475.0,2520.55,2505.2,2488.65,253348.0,1573.9663818359375,2030.0180206298828,1802.5728874206543,0,1
2024-02-03,2496.3,2542.95,2510.55,2505.2,335483.0,1604.5154052734374,2056.4913696289063,1830.9529075622559,0,1
2024-02-04,2474.7,2671.0,2663.2,2510.55,810122.0,1607.3440185546874,2065.2670654296876,1834.392910003662,0,1
2024-02-05,2593.55,2691.0,2642.5,2663.2,744430.0,1719.9228271484374,2115.72731628418,1919.819637298584,0,1
2024-02-06,2620.6,2791.5,2779.55,2642.5,512816.0,1743.6831787109372,2128.0864212036136,1938.7396507263184,0,1
2024-02-07,2764.35,2872.7,2827.35,2779.55,701401.0,1860.7877685546873,2157.9969177246094,2008.9730339050293,0,1
2024-02-08,2738.95,2862.05,2809.15,2827.35,448760.0,1847.7761474609374,2185.64035949707,2023.5930442810059,0,1
2024-02-09,2720.7,2808.15,2789.9,2809.15,287726.0,1867.5764404296874,2202.8260971069335,2040.793056488037,0,1
2024-02-10,2767.55,2901.55,2885.2,2789.9,320171.0,1873.2336669921874,2239.7571502685546,2065.159740447998,0,1
2024-02-11,2860.1,2988.15,2946.35,2885.2,560133.0,1901.3783691406247,2296.726042175293,2104.8631019592285,0,1
2024-02-12,2874.95,3037.65,3017.8,2946.35,878502.0,1918.4914794921874,2316.7638809204104,2129.373119354248,0,1
2024-02-13,2871.95,3021.05,2972.15,3017.8,887646.0,1959.2235107421873,2369.856840515137,2176.0998191833496,0,1
2024-02-14,2908.55,3039.95,2971.2,2972.15,551275.0,1992.6011474609372,2378.632536315918,2196.45316696167,0,1
2024-02-15,2908.05,2993.8,2923.8,2971.2,341823.0,1926.9773193359374,2356.693296813965,2156.606472015381,0,1
2024-02-16,2907.95,3009.0,2995.75,2923.8,161305.0,1865.3135498046872,2355.376942443848,2125.0731163024902,0,1
2024-02-17,2986.5,3130.0,3115.0,2995.75,437943.0,1875.4965576171874,2404.520838928223,2152.8798027038574,0,1
2024-02-18,3038.0,3202.05,3180.7,3115.0,734285.0,1902.0855224609372,2452.4946426391602,2194.1598320007324,0,1
2024-02-19,3170.0,3294.9,3246.1,3180.7,735867.0,1958.6577880859372,2490.8151809692386,2238.3065299987793,0,1
2024-02-20,3183.35,3525.25,3392.55,3246.1,1096814.0,1940.5546630859374,2498.2013916015626,2232.8598594665527,0,1
2024-02-21,3307.3,3530.6,3345.2,3392.55,779382.0,2057.659252929687,2446.497917175293,2269.5532188415527,0,1
2024-02-22,3344.65,3457.1,3437.65,3345.2,367806.0,1971.1036865234373,2395.452619934082,2199.319835662842,0,1
2024-02-23,3400.4,3465.05,3424.5,3437.65,273187.0,1938.2917724609374,2453.6647354125976,2211.646511077881,0,1
2024-02-24,3365.0,3500.0,3494.5,3424.5,320619.0,1865.3135498046872,2481.8932235717775,2192.7264976501465,0,1
2024-02-25,3435.35,3649.65,3635.05,3494.5,781116.0,1895.2968505859374,2604.752964782715,2267.2598838806152,0,1
2024-02-26,3216.25,3837.6,3558.0,3635.05,1340604.0,2003.3498779296872,2711.962715148926,2373.3266258239746,0,1
2024-02-27,3498.65,3908.95,3822.9,3558.0,808070.0,2171.9352294921873,2598.609977722168,2407.726650238037,0,1
2024-02-28,3741.2,3945.6,3877.65,3822.9,379412.0,2302.617163085937,2630.933790588379,2490.8600425720215,0,1
2024-02-29,3828.6,4011.25,3893.1,3877.65,547514.0,2299.788549804687,2640.5870559692385,2493.153377532959,0,1
2024-03-01,3881.45,3956.1,3916.25,3893.1,129532.0,2225.6788818359373,2625.5221115112304,2448.4333457946777,0,1
2024-03-02,3800.05,3976.55,3887.1,3916.25,252943.0,2230.770385742187,2775.001463317871,2529.846736907959,0,1
2024-03-03,3732.1,4100.0,4075.6,3887.1,577832.0,2166.843725585937,2834.8224563598633,2527.5534019470215,0,1
2024-03-04,3834.85,4103.95,3987.45,4075.6,704122.0,2320.720288085937,2964.4102310180665,2668.0201683044434,0,1
2024-03-05,3936.95,4092.95,4010.95,3987.45,319573.0,2249.4392333984374,2996.5877822875977,2650.2468223571777,0,1
2024-03-06,3722.0,4017.95,3885.5,4010.95,538569.0,2128.374584960937,2956.9508895874023,2568.260097503662,0,1
2024-03-07,3568.55,3938.4,3748.6,3885.5,656800.0,2146.4777099609373,2933.695295715332,2569.9800987243652,0,1
2024-03-08,3473.65,3784.6,3526.05,3748.6,354833.0,2207.0100341796874,2902.541575622559,2584.3134422302246,0,1
2024-03-09,3414.25,3681.5,3647.6,3526.05,422382.0,2093.299780273437,2771.0524002075194,2459.9000205993652,0,1
2024-03-10,3456.25,3647.6,3523.3,3647.6,289042.0,2171.369506835937,2816.3934951782226,2520.1000633239746,0,1
2024-03-11,3153.7,3552.05,3160.45,3523.3,834873.0,2040.1218505859372,2793.1379013061523,2434.6733360290527,0,1
2024-03-12,3060.05,3538.05,3518.9,3160.45,1044439.0,1821.1871826171873,2511.145542907715,2190.719829559326,0,1
2024-03-13,3415.05,3589.95,3495.55,3518.9,409200.0,2145.346264648437,2595.0996994018556,2387.946636199951,0,1
2024-03-14,3252.5,3545.0,3339.7,3495.55,444093.0,2007.3099365234373,2635.8335540771486,2332.906597137451,0,1
2024-03-15,3273.6,3439.9,3331.7,3339.7,181900.0,1910.0056396484374,2486.5735946655273,2211.0731773376465,0,1
2024-03-16,3302.05,3475.0,3458.4,3331.7,241402.0,1846.6447021484373,2484.8184555053713,2177.8198204040527,0,1
2024-03-17,3423.65,3668.05,3595.15,3458.4,357833.0,1860.2220458984373,2579.522839355469,2228.559856414795,0,1
2024-03-18,3547.45,3686.0,3590.35,3595.15,289017.0,1880.5880615234373,2620.3298248291017,2256.366542816162,0,1
2024-03-19,3461.55,3672.6,3503.35,3590.35,392101.0,1867.0107177734374,2660.5517639160157,2268.406551361084,0,1
2024-03-20,3465.55,3617.8,3562.95,3503.35,250596.0,1785.5466552734374,2562.9221481323243,2178.6798210144043,0,1
2024-03-21,3476.15,3587.3,3514.7,3562.95,218524.0,1782.4351806640623,2618.6478164672853,2205.62650680542,0,1
2024-03-22,3490.55,3571.75,3512.0,3514.7,122565.0,1753.0176025390624,2659.454801940918,2211.3598442077637,0,1
2024-03-23,3509.45,3661.15,3651.6,3512.0,167377.0,1726.4286376953123,2670.0587677001954,2199.319835662842,0,1
2024-03-24,3416.5,3651.6,3507.0,3651.6,288764.0,1813.5499267578123,2769.1509994506837,2295.3532371520996,0,1
2024-03-25,3214.65,3510.4,3282.55,3507.0,468026.0,1848.9075927734373,2746.2610595703127,2302.5199089050293,0,1
2024-03-26,3205.55,3371.9,3314.6,3282.55,241635.0,1812.1356201171873,2622.084963989258,2221.3931846618652,0,1
2024-03-27,3256.0,3447.7,3331.3,3314.6,460543.0,1839.5731689453123,2631.957621765137,2240.599864959717,0,1
2024-03-28,3212.1,3353.5,3321.1,3331.3,330492.0,1790.3552978515622,2569.284527587891,2184.9864921569824,0,1
2024-03-29,3310.6,3403.4,3355.15,3321.1,143212.0,1883.9823974609374,2628.2279510498047,2258.6598777770996,0,1
2024-03-30,3347.85,3464.2,3458.35,3355.15,215089.0,1896.1454345703123,2653.019291687012,2273.1365547180176,0,1
2024-03-31,3403.25,3733.4,3699.4,3458.35,398986.0,1893.0339599609374,2705.1615509033204,2299.6532402038574,0,1
2024-04-01,3455.6,3729.35,3510.05,3699.4,400004.0,2119.888745117187,2734.0482162475587,2427.219997406006,0,1
2024-04-02,3419.15,3569.6,3548.45,3510.05,387590.0,2114.514379882812,2651.849198913574,2382.9299659729004,0,1
2024-04-03,3475.85,3623.25,3506.05,3548.45,213290.0,2104.8970947265625,2671.7407760620117,2386.7999687194824,0,1
2024-04-04,3076.45,3555.9,3236.35,3506.05,829928.0,2000.8041259765623,2611.9929138183593,2305.386577606201,0,1
2024-04-05,2803.5,3304.0,3010.25,3236.35,1050534.0,2019.7558349609374,2455.4930053710937,2240.886531829834,0,1
2024-04-06,2909.7,3180.9,3161.65,3010.25,590227.0,2135.446118164062,2341.4820907592775,2239.166530609131,0,1
2024-04-07,3027.95,3283.75,3105.8,3161.65,490784.0,2149.589184570312,2411.102610778809,2282.3098945617676,0,1
2024-04-08,2992.25,3132.95,3087.25,3105.8,391985.0,2011.2699951171874,2312.5954254150392,2161.7664756774902,0,1
2024-04-09,2918.25,3125.85,2987.6,3087.25,358425.0,2016.6443603515622,2394.8675735473635,2201.756504058838,0,1
2024-04-10,2955.05,3099.5,3067.7,2987.6,309778.0,1997.1269287109374,2378.7056671142577,2182.979824066162,0,1
2024-04-11,2868.55,3133.4,3059.3,3067.7,556683.0,1903.7826904296874,2428.8002639770507,2159.9031410217285,0,1
2024-04-12,3022.05,3175.5,3158.95,3059.3,209402.0,1997.6926513671872,2432.895588684082,2209.066509246826,0,1
2024-04-13,3118.1,3202.0,3151.3,3158.95,176673.0,2012.4014404296872,2485.0378479003907,2239.5965309143066,0,1
2024-04-14,3131.55,3241.45,3203.15,3151.3,271858.0,1927.5430419921872,2484.5259323120117,2197.5998344421387,0,1
2024-04-15,3155.15,3268.0,3225.55,3203.15,164770.0,1912.8342529296874,2474.4338821411134,2185.846492767334,0,1
2024-04-16,3106.05,3298.9,3140.3,3225.55,392618.0,1964.0321533203123,2520.4331542968753,2234.14986038208,0,1
2024-04-17,3073.4,3194.2,3158.0,3140.3,511668.0,1909.7227783203123,2450.4469802856447,2173.806484222412,0,1
2024-04-18,3103.75,3170.65,3133.05,3158.0,245858.0,1931.5031005859373,2464.634355163574,2189.1431617736816,0,1
2024-04-19,3069.1,3287.75,3255.6,3133.05,321466.0,1882.5680908203124,2491.546488952637,2181.6898231506348,0,1
2024-04-20,3251.1,3362.45,3267.0,3255.6,274031.0,1974.7808837890623,2538.8621154785155,2252.0665397644043,0,1
2024-04-21,3118.05,3289.6,3218.7,3267.0,282144.0,1893.0339599609374,2543.908140563965,2215.086513519287,0,1
2024-04-22,2920.2,3254.0,3014.2,3218.7,683136.0,1941.1203857421874,2527.5268417358398,2229.4198570251465,0,1
2024-04-23,2815.55,3023.7,2970.15,3014.2,682752.0,1922.7343994140624,2371.685110473633,2144.279796600342,0,1
2024-04-24,2892.85,3019.55,2988.6,2970.15,314138.0,1986.9439208984372,2424.41241607666,2202.6165046691895,0,1
2024-04-25,2961.3,3131.3,3107.85,2988.6,291996.0,1969.4065185546874,2423.0229309082033,2192.869831085205,0,1
2024-04-26,3098.0,3172.05,3121.4,3107.85,148891.0,1998.8240966796873,2467.925241088867,2228.846523284912,0,1
2024-04-27,3076.4,3175.7,3139.0,3121.4,174336.0,1955.8291748046872,2489.9376113891603,2219.673183441162,0,1
2024-04-28,3049.35,3227.35,3063.9,3139.0,252430.0,1953.8491455078124,2484.2334091186526,2214.6565132141113,0,1
2024-04-29,3003.05,3134.0,3008.15,3063.9,332667.0,1844.0989501953122,2396.9883666992187,2115.326442718506,0,1
2024-04-30,2938.05,3041.05,2976.6,3008.15,233234.0,1808.1755615234374,2355.0112884521486,2075.9097480773926,0,1
2024-05-01,2951.8,3062.2,3038.6,2976.6,176328.0,1755.5633544921873,2342.579052734375,2045.809726715088,0,1
2024-05-02,2878.2,3056.4,2911.6,3038.6,258978.0,1749.6232666015624,2395.086965942383,2068.8864097595215,0,1
2024-05-03,2888.15,2946.85,2914.8,2911.6,107571.0,1691.3538330078122,2337.6792892456056,2010.9797019958496,0,1
2024-05-04,2903.0,2956.7,2932.4,2914.8,105941.0,1640.7216552734374,2362.5437606811524,1998.3663597106934,0,1
2024-05-05,2866.55,2999.5,2953.1,2932.4,284805.0,1623.4671142578122,2373.14772644043,1996.2163581848145,0,1
2024-05-06,2861.95,2962.3,2884.25,2953.1,320674.0,1672.6849853515623,2387.847016906738,2027.8930473327637,0,1
2024-05-07,2865.6,3044.45,3036.35,2884.25,403179.0,1666.7448974609374,2390.6259872436526,2023.3063774108887,0,1
2024-05-08,2923.7,3044.0,2946.25,3036.35,285780.0,1799.4068603515623,2429.0196563720706,2108.589771270752,0,1
2024-05-09,2933.75,3125.0,3097.95,2946.25,256165.0,1793.1839111328122,2382.36220703125,2082.3597526550293,0,1
2024-05-10,3088.1,3150.7,3126.1,3097.95,104537.0,1846.0789794921873,2403.5701385498046,2120.7731132507324,0,1
2024-05-11,3052.75,3139.9,3073.8,3126.1,89274.0,1897.2768798828124,2420.755876159668,2153.309803009033,0,1
2024-05-12,3050.55,3697.2,3664.2,3073.8,863506.0,1854.5648193359373,2425.5093780517577,2134.2464561462402,0,1
2024-05-13,3632.1,3845.0,3791.85,3664.2,722548.0,2350.986450195312,2492.862843322754,2418.9066581726074,0,1
2024-05-14,3656.3,3811.0,3741.35,3791.85,389380.0,2445.179272460937,2592.3207290649416,2517.52006149292,0,1
2024-05-15,3627.95,3952.3,3787.9,3741.35,1174362.0,2444.6135498046874,2567.0174728393554,2505.7667198181152,0,1
2024-05-16,3630.0,3833.95,3730.35,3787.9,316582.0,2389.7384521484373,2513.3394668579103,2454.1666831970215,0,1
2024-05-17,3708.75,3782.3,3753.75,3730.35,80929.0,2386.9098388671873,2622.1580947875977,2509.4933891296387,0,1
2024-05-18,3733.85,3885.5,3823.9,3753.75,220432.0,2313.931616210937,2713.790985107422,2525.546733856201,0,1
2024-05-19,3821.0,3980.8,3895.05,3823.9,258535.0,2187.775463867187,2818.148634338379,2515.800060272217,0,1
2024-05-20,3771.5,3930.7,3844.8,3895.05,240817.0,2113.6657958984374,2840.526658630371,2489.4267082214355,0,1
2024-05-21,3742.5,3888.1,3767.3,3844.8,317805.0,2070.670874023437,2851.0574935913087,2477.3866996765137,0,1
2024-05-22,3703.0,3827.0,3750.05,3767.3,285342.0,1986.3781982421872,2859.1018814086915,2437.5400047302246,0,1
2024-05-23,3723.95,3852.05,3762.2,3750.05,330312.0,1914.5314208984373,2855.591603088379,2401.419979095459,0,1
2024-05-24,3752.4,3834.65,3816.3,3762.2,104561.0,1843.2503662109373,2840.9654434204103,2356.6999473571777,0,1
2024-05-25,3753.5,3838.2,3782.6,3816.3,125644.0,1851.1704833984372,2943.056037902832,2417.1866569519043,0,1
2024-05-26,3758.6,3855.0,3769.1,3782.6,233433.0,1779.8894287109374,2954.9763580322265,2383.073299407959,0,1
2024-05-27,3730.7,3841.15,3812.85,3769.1,561167.0,1720.4885498046874,2915.7051193237307,2338.926601409912,0,1
2024-05-28,3781.9,3891.55,3869.3,3812.85,323090.0,1768.0092529296874,2955.927058410645,2377.6266288757324,0,1
2024-05-29,3758.25,3882.15,3814.45,3869.3,205290.0,1810.4384521484374,3004.047123718262,2424.066661834717,0,1
2024-05-30,3572.2,3842.8,3679.5,3814.45,482981.0,1836.4616943359374,2990.5910568237305,2432.6666679382324,0,1
2024-05-31,3663.15,3710.95,3681.75,3679.5,125654.0,1840.4217529296873,2911.244140625,2393.966640472412,0,1
2024-06-01,3667.05,3729.35,3708.4,3681.75,153342.0,1825.7129638671872,2922.945068359375,2391.3866386413574,0,1
2024-06-02,3643.55,3722.8,3669.4,3708.4,250037.0,1793.4667724609374,2949.491548156738,2385.3666343688965,0,1
2024-06-03,3433.15,3674.5,3499.4,3669.4,600263.0,1757.2605224609374,2945.835008239746,2365.013286590576,0,1
2024-06-04,3464.4,3659.75,3562.75,3499.4,394387.0,1776.4950927734374,2848.4247848510745,2328.319927215576,0,1
2024-06-05,3429.2,3563.7,3471.9,3562.75,277178.0,1810.7213134765623,2805.570137023926,2321.1532554626465,0,1
2024-06-06,3361.55,3537.1,3481.85,3471.9,356507.0,1781.5865966796873,2778.5848724365237,2289.0465660095215,0,1
2024-06-07,3473.3,3593.3,3568.3,3481.85,179754.0,1765.7463623046874,2764.0318435668946,2273.8532218933105,0,1
2024-06-08,3541.65,3653.55,3625.45,3568.3,158590.0,1833.6330810546874,2792.6259857177733,2319.7199211120605,0,1
2024-06-09,3466.7,3638.0,3511.05,3625.45,377185.0,1870.6879150390623,2834.8224563598633,2356.1266136169434,0,1
2024-06-10,3348.4,3516.1,3484.5,3511.05,442800.0,1846.0789794921873,2795.551217651367,2324.0199241638184,0,1
2024-06-11,3467.2,3590.6,3560.25,3484.5,279803.0,1919.3400634765624,2818.806811523438,2373.0399589538574,0,1
2024-06-12,3486.15,3627.05,3512.95,3560.25,320627.0,1849.7561767578122,2815.1502716064456,2336.6332664489746,0,1
2024-06-13,3447.45,3549.4,3519.9,3512.95,301804.0,1866.7278564453122,2747.43115234375,2310.2599143981934,0,1
2024-06-14,3475.8,3523.2,3498.2,3519.9,107989.0,1945.6461669921873,2800.889765930176,2375.0466270446777,0,1
2024-06-15,3401.95,3522.75,3421.7,3498.2,158566.0,1842.9675048828124,2836.870118713379,2340.2166023254395,0,1
2024-06-16,3223.65,3435.25,3353.8,3421.7,605830.0,1808.7412841796872,2754.1591857910157,2281.3065605163574,0,1
2024-06-17,3336.45,3432.6,3396.4,3353.8,176485.0,1926.4115966796874,2756.2068481445312,2343.22660446167,0,1
2024-06-18,3327.15,3429.05,3371.8,3396.4,195525.0,1865.0306884765623,2779.243049621582,2321.296588897705,0,1
2024-06-19,3362.1,3476.55,3448.85,3371.8,218583.0,1841.5531982421874,2726.003828430176,2282.7398948669434,0,1
2024-06-20,3364.4,3487.5,3376.6,3448.85,258730.0,1861.0706298828122,2740.7031188964843,2300.9432411193848,0,1
2024-06-21,3370.05,3406.2,3375.5,3376.6,123176.0,1818.6414306640622,2713.4253311157227,2264.536548614502,0,1
2024-06-22,3350.15,3458.85,3435.4,3375.5,189212.0,1815.8128173828122,2694.2650619506835,2252.6398735046387,0,1
2024-06-23,3422.9,3523.55,3441.7,3435.4,206026.0,1853.7162353515623,2717.959440612793,2281.449893951416,0,1
2024-06-24,3397.5,3463.8,3419.25,3441.7,186093.0,1793.7496337890623,2708.8912216186523,2249.343204498291,0,1
2024-06-25,3250.15,3429.95,3294.75,3419.25,222190.0,1806.1955322265624,2719.0564025878907,2258.6598777770996,0,1
2024-06-26,3052.0,3312.15,3060.25,3294.75,253967.0,1768.8578369140623,2634.224676513672,2200.323169708252,0,1
2024-06-27,2810.7,3110.75,2984.8,3060.25,596690.0,1673.8164306640624,2475.6039749145507,2072.7564125061035,0,1
2024-06-28,2958.1,3081.25,3067.8,2984.8,313988.0,1801.3868896484373,2430.189749145508,2113.176441192627,0,1
2024-06-29,2923.4,3075.55,2933.3,3067.8,228579.0,1789.5067138671873,2477.0665908813476,2129.5164527893066,0,1
2024-06-30,2828.65,3100.0,3017.9,2933.3,737128.0,1706.0626220703123,2388.2126708984374,2043.2297248840332,0,1
2024-07-01,3006.35,3117.55,3067.35,3017.9,178711.0,1862.2020751953123,2372.4164184570313,2112.1014404296875,0,1
2024-07-02,3026.35,3154.15,3103.15,3067.35,241324.0,1845.7961181640624,2435.3820358276366,2131.9531211853027,0,1
2024-07-03,3056.05,3220.0,3101.35,3103.15,199449.0,1822.3186279296874,2416.660551452637,2110.5964393615723,0,1
2024-07-04,3049.25,3160.25,3138.0,3101.35,164037.0,1820.6214599609373,2356.693296813965,2080.066417694092,0,1
2024-07-05,3116.85,3206.65,3180.3,3138.0,119100.0,1856.2619873046874,2434.248508453369,2137.6864585876465,0,1
2024-07-06,3167.3,3273.25,3247.4,3180.3,148009.0,1839.5731689453123,2461.6359924316407,2140.8397941589355,0,1
2024-07-07,3236.1,3500.35,3488.35,3247.4,274379.0,1864.1821044921874,2506.318910217285,2175.956485748291,0,1
2024-07-08,3350.55,3503.85,3449.75,3488.35,294310.0,2035.0303466796872,2575.281253051758,2298.36323928833,0,1
2024-07-09,3378.9,3523.35,3390.0,3449.75,233655.0,2096.128393554687,2605.045487976074,2342.2232704162598,0,1
2024-07-10,3369.95,3491.95,3429.35,3390.0,174815.0,2017.7758056640623,2537.180107116699,2270.9865531921387,0,1
2024-07-11,3378.25,3545.75,3507.35,3429.35,320872.0,2031.6360107421872,2557.876123046875,2288.473232269287,0,1
2024-07-12,3484.75,3543.0,3519.45,3507.35,205246.0,2053.416333007812,2641.4646255493167,2344.0866050720215,0,1
2024-07-13,3413.85,3551.0,3539.15,3519.45,233397.0,2056.8106689453125,2707.9405212402344,2381.7832984924316,0,1
2024-07-14,3426.4,3567.65,3442.6,3539.15,247506.0,2077.1766845703123,2763.739320373535,2422.633327484131,0,1
2024-07-15,3393.9,3544.55,3486.05,3442.6,564255.0,1989.4896728515623,2720.0071029663086,2356.986614227295,0,1
2024-07-16,3296.45,3490.95,3339.95,3486.05,205280.0,2016.3614990234373,2736.0227478027346,2379.3466300964355,0,1
2024-07-17,3088.95,3345.45,3177.35,3339.95,593372.0,1974.2151611328122,2673.057130432129,2328.8932609558105,0,1
2024-07-18,3172.35,3288.75,3278.1,3177.35,307375.0,1898.1254638671874,2576.3050842285156,2242.31986618042,0,1
2024-07-19,3194.05,3332.35,3253.15,3278.1,223234.0,1946.2118896484374,2605.264880371094,2279.299892425537,0,1
2024-07-20,3201.05,3286.0,3272.55,3253.15,114802.0,1914.8142822265622,2574.1111602783203,2247.7665367126465,0,1
2024-07-21,3259.35,3399.5,3321.35,3272.55,327607.0,1923.0172607421873,2626.1071578979495,2274.9998893737793,0,1
2024-07-22,3236.2,3368.2,3283.05,3321.35,185930.0,1871.8193603515624,2612.212306213379,2243.1798667907715,0,1
2024-07-23,3215.02,3352.6,3234.87,3283.05,211493.0,1833.9159423828123,2582.0092864990233,2207.346508026123,0,1
2024-07-24,3080.13,3245.52,3204.3,3234.87,298880.0,1805.3469482421874,2532.645997619629,2169.0764808654785,0,1
2024-07-25,2968.65,3218.9,2989.8,3204.3,444544.0,1820.3385986328124,2563.7265869140624,2194.8764991760254,0,1
2024-07-26,2858.49,3018.44,2902.25,2989.8,453789.0,1740.5717041015623,2395.598881530762,2068.5997428894043,0,1
2024-07-27,2617.1,2934.05,2689.26,2902.25,438962.0,1704.3654541015624,2369.344924926758,2037.639720916748,0,1
2024-07-28,2082.39,2697.61,2419.52,2689.26,2100873.0,1669.5735107421874,2223.8146362304688,1943.0396537780762,0,1
2024-07-29,2419.2,2560.0,2464.4,2419.52,317752.0,1826.5615478515624,2086.4018661499026,1954.076328277588,0,1
2024-07-30,2311.7,2554.4,2344.28,2464.4,534921.0,1711.295556640625,2044.5710494995117,1870.6562690734863,0,1
2024-07-31,2323.62,2728.95,2686.67,2344.28,578056.0,1662.3605468749997,1884.4146011352539,1767.3128623962402,0,1
2024-08-01,2556.51,2711.29,2601.65,2686.67,231952.0,1828.2587158203123,1978.7898963928224,1891.3679504394531,0,1
2024-08-02,2580.67,2647.78,2612.05,2601.65,192685.0,1885.2552734375,2016.6716499328613,1936.8763160705566,0,1
2024-08-03,2543.6,2722.2,2556.5,2612.05,235501.0,1751.3204345703123,1968.661280822754,1844.282917022705,0,1
2024-08-04,2509.35,2754.29,2724.4,2556.5,572177.0,1669.1492187499998,1923.173924255371,1779.782871246338,0,1
2024-08-05,2613.47,2740.0,2705.96,2724.4,489042.0,1785.6880859374999,2022.485548400879,1887.2829475402832,0,1
2024-08-06,2636.15,2784.7,2665.37,2705.96,318351.0,1784.6980712890622,2075.5419425964355,1913.2262992858887,0,1
2024-08-07,2517.35,2677.69,2572.59,2665.37,442058.0,1691.495263671875,2017.8417427062989,1839.2662467956543,0,1
2024-08-08,2553.78,2634.35,2595.21,2572.59,208750.0,1744.1074707031248,2017.1835655212403,1864.9945983886719,0,1
2024-08-09,2591.13,2630.26,2618.38,2595.21,63562.0,1679.7565185546873,2073.5674110412597,1861.7695960998535,0,1
2024-08-10,2596.28,2690.81,2615.08,2618.38,171633.0,1705.7797607421874,2125.7462356567385,1901.257957458496,0,1
2024-08-11,2565.18,2651.82,2641.14,2615.08,187930.0,1667.3106201171872,2112.363299560547,1876.604606628418,0,1
2024-08-12,2555.15,2699.92,2576.49,2641.14,243694.0,1731.6615722656247,2190.137903594971,1948.7013244628906,0,1
2024-08-13,2537.62,2666.41,2633.86,2576.49,259940.0,1672.1192626953123,2126.0021934509277,1886.3512802124023,0,1
2024-08-14,2587.95,2647.75,2625.6,2633.86,271037.0,1725.7214843749998,2150.2084877014163,1925.6963081359863,0,1
2024-08-15,2623.91,2803.28,2764.98,2625.6,318269.0,1713.8413085937498,2154.376943206787,1923.2596397399902,0,1
2024-08-16,2735.0,2823.98,2771.44,2764.98,231952.0,1802.0940429687498,2172.9887313842773,1977.8696784973145,0,1
2024-08-17,2736.96,2796.97,2749.1,2771.44,113437.0,1822.6014892578123,2187.3954986572267,1993.6363563537598,0,1
2024-08-18,2666.36,2765.4,2682.91,2749.1,192945.0,1824.8643798828123,2186.5910598754886,1996.2163581848145,0,1
2024-08-19,2391.96,2702.83,2459.42,2682.91,463114.0,1738.8745361328124,2172.9156005859377,1948.77299118042,0,1
2024-08-20,2420.66,2558.62,2529.13,2459.42,373336.0,1718.7913818359373,2015.5381225585938,1860.6229286193848,0,1
2024-08-21,2508.49,2598.18,2530.96,2529.13,290213.0,1759.2405517578122,2051.006559753418,1898.319622039795,0,1
2024-08-22,2433.24,2555.01,2526.84,2530.96,319200.0,1696.7281982421873,2043.7666107177736,1864.779598236084,0,1
2024-08-23,2493.99,2535.6,2516.94,2526.84,127306.0,1680.0393798828122,2071.629444885254,1871.2296028137207,0,1
2024-08-24,2398.33,2519.32,2427.82,2516.94,323915.0,1682.8679931640622,2109.657460021973,1889.146282196045,0,1
2024-08-25,2425.3,2566.52,2540.28,2427.82,258339.0,1665.8963134765622,2076.309815979004,1861.626262664795,0,1
2024-08-26,2412.7,2554.67,2425.82,2540.28,217455.0,1683.1508544921874,2117.6287170410155,1894.449619293213,0,1
2024-08-27,2305.49,2492.7,2453.1,2425.82,479398.0,1650.0560791015623,2045.44861907959,1840.6995811462402,0,1
2024-08-28,2348.82,2468.63,2370.59,2453.1,271640.0,1696.5867675781249,2025.3742149353027,1854.0295906066895,0,1
2024-08-29,2152.65,2411.46,2227.3,2370.59,690090.0,1681.5951171875,1986.1761070251466,1828.2295722961426,0,1
2024-08-30,2224.18,2313.79,2276.44,2227.3,229895.0,1666.037744140625,1876.88212890625,1763.7295265197754,0,1
2024-08-31,2242.4,2336.0,2300.79,2276.44,349237.0,1658.5419189453123,1899.6989379882814,1769.4628639221191,0,1
2024-09-01,2275.0,2383.92,2362.21,2300.79,408763.0,1635.6301513671874,1906.865756225586,1762.1528587341309,0,1
2024-09-02,2322.04,2401.96,2391.09,2362.21,158879.0,1624.0328369140623,1926.464810180664,1767.1695289611816,0,1
2024-09-03,2279.41,2391.7,2343.45,2391.09,309709.0,1663.9162841796874,1983.7262252807618,1814.8995628356934,0,1
2024-09-04,2317.97,2395.08,2365.35,2343.45,221127.0,1685.5551757812498,1977.6563690185546,1823.0695686340332,0,1
2024-09-05,2341.4,2468.94,2443.75,2365.35,277488.0,1632.5186767578123,1998.7911697387697,1805.2962226867676,0,1
2024-09-06,2379.95,2447.27,2421.29,2443.75,189843.0,1703.5168701171874,2017.4760887145997,1852.0229225158691,0,1
2024-09-07,2284.68,2433.76,2319.39,2421.29,221484.0,1679.7565185546873,2039.6347206115722,1850.7329216003418,0,1
2024-09-08,2255.0,2339.49,2298.28,2319.39,280581.0,1692.2024169921874,1979.6674659729003,1827.6562385559082,0,1
2024-09-09,2263.34,2396.15,2345.73,2298.28,311043.0,1665.8963134765622,1967.0889686584474,1810.0262260437012,0,1
2024-09-10,2278.42,2379.05,2377.65,2345.73,297971.0,1715.9627685546873,1965.370394897461,1834.6795768737793,0,1
2024-09-11,2375.9,2497.0,2467.99,2377.65,348674.0,1756.6947998046874,2024.8257339477539,1885.7062797546387,0,1
2024-09-12,2440.0,2573.9,2563.99,2467.99,254126.0,1761.7863037109373,2038.5743240356446,1892.8729515075684,0,1
2024-09-13,2532.0,2626.1,2615.46,2563.99,91638.0,1851.4533447265624,2065.7058502197265,1951.926326751709,0,1
2024-09-14,2527.28,2635.58,2583.54,2615.46,140626.0,1852.8676513671874,2116.751147460938,1979.0163459777832,0,1
2024-09-15,2542.1,2707.1,2649.89,2583.54,213443.0,1839.8560302734372,2115.8004470825194,1975.4330101013184,0,1
2024-09-16,2592.57,2674.99,2654.39,2649.89,225366.0,1851.7362060546873,2090.862844848633,1968.4096717834473,0,1
2024-09-17,2555.32,2676.1,2582.82,2654.39,152046.0,1889.0739013671873,2143.5170196533204,2014.706371307373,0,1
2024-09-18,2560.39,2669.51,2633.68,2582.82,158646.0,1792.3353271484373,2109.3649368286133,1950.492992401123,0,1
2024-09-19,2617.37,2732.21,2695.62,2633.68,168866.0,1820.6214599609373,2122.0896957397463,1971.993007659912,0,1
2024-09-20,2651.33,2706.05,2677.25,2695.62,64484.0,1818.9242919921874,2152.2927154541017,1986.3263511657715,0,1
2024-09-21,2636.57,2686.19,2661.43,2677.25,76833.0,1758.3919677734373,2188.8581146240235,1975.4330101013184,0,1
2024-09-22,2575.0,2664.88,2604.17,2661.43,191432.0,1766.3120849609372,2202.094789123535,1987.186351776123,0,1
2024-09-23,2414.76,2659.93,2449.54,2604.17,245749.0,1681.5951171875,2201.5463081359862,1947.4829902648926,0,1
2024-09-24,2354.36,2501.33,2365.45,2449.54,117453.0,1585.8465576171873,2056.564500427246,1827.5129051208496,0,1
2024-09-25,2311.53,2404.99,2352.02,2365.45,122442.0,1569.4406005859373,1983.2143096923828,1783.0795402526855,0,1
2024-09-26,2340.22,2442.54,2416.45,2352.02,90084.0,1512.3026123046873,1973.4879135131837,1747.246181488037,0,1
2024-09-27,2391.0,2429.89,2417.48,2416.45,58287.0,1494.7652099609375,1990.4176933288575,1745.526180267334,0,1
2024-09-28,2409.04,2460.0,2442.4,2417.48,55811.0,1522.4856201171874,2022.9974639892578,1775.0528678894043,0,1
2024-09-29,2403.23,2523.63,2424.2,2442.4,241332.0,1552.7517822265625,2051.006559753418,1802.5728874206543,0,1
2024-09-30,2400.84,2467.57,2441.5,2424.2,126692.0,1477.7935302734375,2014.6605529785156,1746.6728477478027,0,1
2024-10-01,2350.96,2473.31,2370.47,2441.5,180406.0,1437.3443603515623,2030.968721008301,1734.919506072998,0,1
2024-10-02,2328.08,2419.0,2386.67,2370.47,238588.0,1430.8385498046873,1948.550311279297,1690.7728080749512,0,1
2024-10-03,2382.57,2473.0,2440.07,2386.67,176593.0,1467.3276611328124,1985.8470184326172,1725.746166229248,0,1
2024-10-04,2434.39,2491.85,2477.57,2440.07,88737.0,1480.9050048828124,2007.2743423461914,1743.2328453063965,0,1
2024-10-05,2437.27,2486.42,2470.2,2477.57,67441.0,1532.3857666015624,2029.1404510498048,1779.782871246338,0,1
2024-10-06,2444.38,2654.25,2630.71,2470.2,296527.0,1548.7917236328124,2073.8233688354494,1809.739559173584,0,1
2024-10-07,2536.75,2690.14,2609.53,2630.71,234095.0,1683.7165771484374,2101.4668106079102,1891.582950592041,0,1
2024-10-08,2589.9,2648.64,2612.74,2609.53,110501.0,1695.3138916015623,2096.6401779174807,1895.5962867736816,0,1
2024-10-09,2576.96,2649.02,2605.73,2612.74,110721.0,1719.9228271484374,2109.657460021973,1912.9396324157715,0,1
2024-10-10,2596.67,2676.53,2643.16,2605.73,93198.0,1643.5502685546874,2108.194844055176,1875.672939300537,0,1
2024-10-11,2631.32,2665.26,2649.93,2643.16,27302.0,1651.1875244140624,2132.6205307006835,1896.5996208190918,0,1
2024-10-12,2636.57,2760.85,2748.2,2649.93,141222.0,1666.7448974609374,2186.5910598754886,1927.8463096618652,0,1
2024-10-13,2655.37,2771.2,2667.44,2748.2,103353.0,1721.0542724609372,2237.5632263183593,1981.4530143737793,0,1
2024-10-14,2603.0,2672.31,2622.57,2667.44,199159.0,1688.2423583984373,2193.5384857177737,1945.6196556091309,0,1
2024-10-15,2442.39,2627.87,2525.34,2622.57,250312.0,1642.4188232421873,2174.5244781494143,1908.0662956237793,0,1
2024-10-16,2505.0,2562.32,2536.41,2525.34,143645.0,1666.1791748046874,2120.846472167969,1896.5996208190918,0,1
2024-10-17,2380.77,2566.07,2438.37,2536.41,279206.0,1615.8298583984374,2148.34365234375,1887.9996147155762,0,1
2024-10-18,2427.73,2506.45,2481.18,2438.37,105452.0,1625.1642822265624,2061.756787109375,1845.5729179382324,0,1
2024-10-19,2462.75,2527.0,2506.53,2481.18,52016.0,1598.2924560546874,2084.134811401367,1847.0062522888184,0,1
2024-10-20,2470.0,2590.37,2567.7,2506.53,159720.0,1630.5386474609372,2108.3411056518557,1872.519603729248,0,1
2024-10-21,2562.24,2682.28,2638.94,2567.7,206530.0,1606.7782958984374,2121.0658645629883,1866.21293258667,0,1
2024-10-22,2601.0,2724.44,2658.94,2638.94,162762.0,1683.1508544921874,2128.0132904052734,1908.3529624938965,0,1
2024-10-23,2501.38,2668.87,2517.99,2658.94,184709.0,1695.0310302734374,2111.924514770508,1903.4796257019043,0,1
2024-10-24,2461.48,2587.04,2512.42,2517.99,241597.0,1631.6700927734373,2031.9925521850587,1832.9595756530762,0,1
2024-10-25,2470.67,2524.0,2494.29,2512.42,61261.0,1599.4239013671875,2017.2201309204102,1809.739559173584,0,1
2024-10-26,2410.33,2496.84,2458.29,2494.29,227203.0,1537.1944091796875,2040.5488555908203,1791.9662132263184,0,1
2024-10-27,2357.5,2492.0,2399.43,2458.29,159518.0,1547.3774169921874,2054.0780532836916,1803.719554901123,0,1
2024-10-28,2381.43,2481.98,2422.61,2399.43,196614.0,1546.2459716796873,2039.4518936157226,1793.542881011963,0,1
2024-10-29,2421.12,2749.97,2727.72,2422.61,565806.0,1512.8683349609373,2035.7222229003908,1775.9128684997559,0,1
2024-10-30,2705.08,2924.63,2900.25,2727.72,472802.0,1741.9860107421873,2077.333647155762,1908.9262962341309,0,1
2024-10-31,2891.07,2988.13,2966.42,2900.25,426447.0,1908.3084716796873,2147.3198211669924,2027.8930473327637,0,1
2024-11-01,2956.11,3159.86,3129.01,2966.42,412939.0,1914.5314208984373,2181.9106887817384,2047.9597282409668,0,1
2024-11-02,3074.31,3255.54,3189.83,3129.01,606306.0,2030.5045654296873,2199.023295593262,2115.0397758483887,0,1
2024-11-03,3108.98,3396.72,3380.61,3189.83,608021.0,2085.945385742187,2276.249418640137,2185.2731590270996,0,1
2024-11-04,3214.67,3456.77,3250.96,3380.61,520249.0,2231.901831054687,2377.75496673584,2311.406581878662,0,1
2024-11-05,3122.23,3339.99,3195.18,3250.96,416504.0,2108.0085693359374,2292.7038482666017,2212.5065116882324,0,1
2024-11-06,3031.3,3245.29,3061.27,3195.18,212043.0,2078.5909912109373,2266.3036300659182,2180.3998222351074,0,1
2024-11-07,3016.21,3136.0,3094.4300000000003,3061.27,284100.0,1921.3200927734374,2225.642906188965,2085.5130882263184,0,1
2024-11-08,3075.65,3224.0,3133.99,3094.4300000000003,127324.0,1886.2452880859373,2322.979998779297,2117.046443939209,0,1
2024-11-09,3035.79,3166.7,3078.78,3133.99,157571.0,1809.3070068359373,2347.478816223145,2092.679759979248,0,1
2024-11-10,3051.83,3230.0,3213.68,3078.78,256919.0,1749.3404052734372,2378.3400131225585,2077.7730827331543,0,1
2024-11-11,3069.48,3226.0,3112.62,3213.68,152668.0,1795.7296630859373,2458.8570220947267,2140.5531272888184,0,1
2024-11-12,3030.87,3165.7,3073.79,3112.62,138060.0,1716.5284912109373,2440.6474533081055,2091.5330924987793,0,1
2024-11-13,3035.93,3390.98,3363.74,3073.79,300619.0,1652.6018310546874,2410.2250411987307,2043.9463920593262,0,1
2024-11-14,3262.76,3432.93,3335.05,3363.74,268172.0,1892.4682373046874,2470.9967346191406,2199.0331687927246,0,1
2024-11-15,3316.26,3503.88,3399.1,3335.05,219045.0,1907.7427490234372,2485.1841094970705,2213.366512298584,0,1
2024-11-16,3287.06,3456.33,3368.8,3399.1,146889.0,1918.4914794921874,2453.8109970092773,2200.7531700134277,0,1
2024-11-17,3306.51,3555.23,3418.57,3368.8,315269.0,1895.8625732421874,2468.583418273926,2195.5931663513184,0,1
2024-11-18,3255.07,3466.3,3328.0,3418.57,185599.0,1887.3767333984374,2443.718946838379,2181.259822845459,0,1
2024-11-19,3304.47,3691.48,3661.19,3328.0,285448.0,1875.4965576171874,2435.3820358276366,2169.7931480407715,0,1
2024-11-20,3534.31,3668.33,3585.0,3661.19,174125.0,2087.0768310546873,2531.402774047852,2324.87992477417,0,1
2024-11-21,3539.87,3650.91,3596.9,3585.0,163846.0,2033.3331787109373,2601.2426864624026,2334.9132652282715,0,1
2024-11-22,3572.09,3747.18,3709.56,3596.9,235006.0,1885.1138427734372,2626.838465881348,2269.2665519714355,0,1
2024-11-23,3658.4,3753.24,3717.29,3709.56,155292.0,1997.6926513671872,2679.200117492676,2357.5599479675293,0,1
2024-11-24,3559.15,3774.17,3649.57,3717.29,263395.0,1929.8059326171874,2794.1617324829103,2380.7799644470215,0,1
2024-11-25,3500.69,3677.35,3624.72,3649.57,304522.0,1964.8807373046873,2778.5117416381836,2388.2333030700684,0,1
2024-11-26,3622.2,3898.1,3845.96,3624.72,281712.0,1955.2634521484374,2819.611250305176,2406.293315887451,0,1
2024-11-27,3671.28,3964.0,3795.74,3845.96,380278.0,2087.0768310546873,2847.4009536743165,2483.980037689209,0,1
2024-11-28,3785.16,4100.0,4009.07,3795.74,320397.0,2077.459545898437,2798.1107955932616,2457.6066856384277,0,1
2024-11-29,3977.96,4033.22,4002.55,4009.07,114102.0,2215.4958740234374,2816.832279968262,2537.0134086608887,0,1
2024-11-30,3928.62,4021.9,4011.0,4002.55,105622.0,2156.660717773437,2866.5612228393557,2528.9867362976074,0,1
2024-12-01,3475.1,4012.62,3715.32,4011.0,489297.0,2091.0368896484374,2930.477540588379,2527.5534019470215,0,1
2024-12-02,3517.61,3782.57,3633.95,3715.32,286342.0,2209.272924804687,2819.7575119018557,2536.7267417907715,0,1
2024-12-03,3566.31,3855.0,3837.21,3633.95,133583.0,2126.1116943359375,2823.925967407227,2500.606716156006,0,1
2024-12-04,3803.4,3993.82,3887.56,3837.21,219248.0,2221.718823242187,2868.682015991211,2565.9667625427246,0,1
2024-12-05,3853.45,3971.0,3909.99,3887.56,245528.0,2035.0303466796872,2861.9539825439456,2465.920024871826,0,1
2024-12-06,3823.94,3948.78,3874.54,3909.99,104931.0,2091.602612304687,2904.735499572754,2518.953395843506,0,1
2024-12-07,3832.49,3979.0,3961.27,3874.54,118761.0,2051.4363037109374,2909.927786254883,2498.3133811950684,0,1
2024-12-08,3882.01,4118.32,3990.78,3961.27,306877.0,2081.985327148437,3008.142448425293,2566.253429412842,0,1
2024-12-09,3848.48,4044.0,3896.78,3990.78,242380.0,2062.7507568359374,2981.8884918212893,2538.4467430114746,0,1
2024-12-10,3621.0,3908.0,3630.6,3896.78,333448.0,1951.3033935546873,2940.6427215576173,2464.4866905212402,0,1
2024-12-11,3328.65,3721.75,3417.41,3630.6,712701.0,1777.6265380859372,2769.5897842407226,2289.619899749756,0,1
2024-12-12,3100.0,3488.0,3471.6,3417.41,1287029.0,1710.8712646484373,2581.9361557006837,2168.0731468200684,0,1
2024-12-13,3294.81,3554.61,3340.28,3471.6,306713.0,1993.7325927734373,2693.168099975586,2361.2866172790527,0,1
2024-12-14,3221.3,3402.12,3281.88,3340.28,298486.0,1861.6363525390623,2601.5352096557617,2244.039867401123,0,1
2024-12-15,3217.03,3462.97,3421.9,3281.88,398443.0,1817.5099853515624,2564.019110107422,2201.039836883545,0,1
2024-12-16,3354.38,3540.25,3492.51,3421.9,172443.0,1915.9457275390623,2614.625622558594,2271.4165534973145,0,1
2024-12-17,3441.24,3546.64,3496.55,3492.51,132830.0,1886.2452880859373,2687.171374511719,2291.339900970459,0,1
2024-12-18,3305.05,3515.36,3335.15,3496.55,131004.0,1881.7195068359374,2678.9075942993163,2283.3132286071777,0,1
2024-12-19,3305.51,3444.9,3332.83,3335.15,199890.0,1843.8160888671873,2585.958349609375,2214.083179473877,0,1
2024-12-20,3320.49,3429.9,3400.51,3332.83,121061.0,1758.3919677734373,2574.40368347168,2163.4864768981934,0,1
